location,loctype,counts,lon,lat,comments,attitudes,reposts,price,introduction,开放时间,关闭时间,动物,赏花,文化典故,美食,带娃
鉴真东渡纪念馆,博物馆,11,120.634003,31.84745,23,2,3,0,鉴真纪念堂位于扬州市古大明寺内，1973年建成，以纪念对中日两国文化交流作出重大贡献的鉴真和尚。由我国著名建筑学家梁思成参照鉴真在日本的主要遗物唐招提寺金堂设计建筑，典雅古朴，保存了唐代的建筑艺术风格。前面是门厅，上悬匾额；中间为碑厅，内立横式纪念碑；后为殿堂，按唐代寺庙殿堂的风格建造，堂内正中为鉴真楠木雕像，仿鉴真圆寂前塑造的干漆夹像制作而成，神态安详而坚毅。东西两侧壁上是鉴真东渡事迹的饰布画，分别是西安大雁塔、肇庆七星岩、日本九洲秋妻屋浦和奈良唐招提寺金堂，向人们展示了鉴真生活和经历过的地方。,8:30,17:00,,,1,,
茅盾纪念馆,博物馆,40,120.4896,30.74595,56,0,10,0,"桐乡市茅盾纪念馆占地面积1611平方米，建筑面积为116.47平方米。是社会科学类名人专题纪念馆。
1984年8月，设置“桐乡县茅盾故居管理所”1985年7月4日。茅盾故居落成对外开放。1990年6月11日，对立志书院仿原貌重修，作为茅盾生平陈列馆。1991年7月4日，正式落成开放。1993年5月，桐乡撤县设市，“桐乡县茅盾故居管理所”随之更名为“桐乡市茅盾故居管理所”。1994年8月31日，更名为“桐乡市茅盾纪念馆”。 [3]截至2019年，桐乡市茅盾纪念馆有藏品数量543件/套，珍贵文物64件/套。",8:00,17:00,,,1,,
苏州碑刻博物馆,博物馆,5,120.623451,31.295574,9,0,0,0,"州碑刻博物馆位于江苏省苏州市府学文庙内，是一座收藏、研究、陈列和复制古代碑刻的专题类博物馆。博物馆馆舍苏州文庙府学始建于北宋景v二年（1035年）。1986年10月，苏州碑刻博物馆正式成立并对外开放。苏州碑刻博物馆占地15000平方米，建筑总面积3757平方米。
苏州碑刻博物馆基本陈列包括“四大宋碑陈列”、“大成殿孔子文化陈列”、“清代苏州工商经济碑刻陈列”、“古代书法碑刻陈列”、“明伦堂范仲淹与府学陈列”、“儒学碑刻陈列”、“古代农业经济碑刻陈列”、“现代书法碑刻陈列”、“德善书院陈列”、“清风堂廉石文化陈列”等。截至2017年12月，该博物馆馆藏文物总计7437件，珍贵文物1192件，其中国家一级文物4件、国际二级文物261件、国家三级文物927件。",9:00,17:00,,,1,,1
苏州博物馆,博物馆,6836,120.63215,31.29256,13207,736,1018,0,"苏州博物馆，位于苏州市姑苏区东北街204号，成立于1960年1月1日，馆址为太平天国忠王府。2006年10月6日，由贝聿铭设计的苏州博物馆本馆建成并正式对外开放。本馆占地面积约10700平方米，建筑面积19000余平方米，加上太平天国忠王府，总建筑面积26500平方米。2021年9月25日，苏州博物馆西馆开放试运行，建筑面积48365平方米，展陈面积13391平方米。苏州博物馆是收藏、展示、研究、传播苏州历史、文化、艺术的地方性综合性博物馆。
苏州博物馆共有吴地遗珍、吴塔国宝、吴中风雅、吴门书画四个基本陈列，馆藏藏品总数24819件/套，珍贵文物9734件/套，其中一级品222件/套，二级品829件/套，三级品8683件/套，以历年考古出土文物、明清书画和工艺品见长。
苏州博物馆太平天国忠王府为首批全国重点文物保护单位。2008年5月，苏州博物馆成为首批国家一级博物馆。",9:00,17:00,,,1,,1
苏州革命博物馆,博物馆,12,120.58082,31.29731,17,0,2,0,"苏州革命博物馆建成于1993年，占地10000多平方米，展区分两层，面积4000平方米，共有两项基本陈列和两个临时展厅。整体建筑具有鲜明的革命纪念主题特色和浓厚的历史文化气息。

基本陈列《光辉的历程――中国共产党在苏州》，通过3个展厅的介绍，借助历史照片、文字和革命文物等，系统讲述了在中国共产党的领导下，苏州人民走过的革命、建设和改革开放的光辉历程。大型多媒体半景画演示项目《阳澄烽火》，借助声、光、电等多种演示手段与1000平方米的巨型油画、500平方米的场景模型完美结合，细致还原了发生在抗日战争时期阳澄湖地区的“洋沟菊蕉贰薄

苏州革命博物馆是省爱国主义教育基地、省党史教育基地、省社会科学普及示范基地、省国防教育基地和省青少年科技教育示范基地，省一级党员教育实境课堂示范点，为江苏省文明单位。",8:30,16:30,,,1,,
苏州美术馆,博物馆,6,120.612053,31.325808,12,5,40,0,"2010年年初落成的苏州美术馆新馆总投资3.72亿元，总建筑面积3.34万平方米。新馆位于北寺塔西北面，东临人民路，西抵桃花河两岸，北以校场桥路为界，与周边北寺塔、桃花坞木刻年画博物馆、昆剧传习所、朴园、唐寅纪念馆等文物和景观遥相呼应，使苏州古城区西北角形成一个集非物质文化遗产保护和展示、市民休闲旅游和文化活动于一体的文化区域。
新建成的苏州美术馆采用传统苏式民居样式，飞檐翘角、粉墙黛瓦，古典花窗。馆内透过许多长形与方形的隔间，构成多长廊的建筑格局。灰色屋顶线条层层跌落，既满足建筑空间通风、采光等的需求，也形成富有韵味的变化效果，阳光和微风充分流动在各个角落，一派“苏而新”的风格。
场馆分地下一层和地上两层。一层有层高8米，面积达800平方米的大展厅一个，其余面积在300至400平方米的6个小展厅则分散在一、二层，馆内还特别设置多功能学术报告厅、恒温恒湿库房、市民画廊，可以满足各类大中型美术展览、学术交流活动以及美术典藏与研究的需要，同时兼具交流、教育、艺术服务等多种功能。此外，还附有会议室、考级室、活动策划室、舞蹈培训室、艺术创作室等功能空间。",9:00,17:00,,,1,,
苏州民俗博物馆,博物馆,28,120.62957,31.3211,50,0,2,0,"苏州是著名的历史文化古城，在悠久的历史岁月中，苏州人民创造了灿烂的物质文化和精神文明，形成了独具特色的吴中文化及别有情趣的民间风俗。坐落于古典名园狮子林东侧的苏州民俗博物馆就是一座以展览苏州民间传统风俗的专业博物馆，建筑面积约500多平米，位于苏州古典园林狮子林东侧古宅内。房屋结构具有清代建筑特色，为省级文物保护单位。1986年11月苏州建城2500年时正式开放。
",8:30,17:00,,,1,,1
苏州市名人馆,博物馆,4,120.616203,31.323322,11,0,0,0,"苏州市名人馆位于苏州市人民路2075号公共文化中心内，名人馆中展示的447位姑苏先贤，是苏州“物华天宝、人杰地灵”的精彩实证。建筑面积2368平方米，展陈面积1500平方米。全馆陈列以苏州历史名人、状元宰相和两院院士共计447人为展示对象。
名人馆特设了两个专题厅“状元宰辅厅”和“院士厅”进行展示。苏州市名人馆现免费开放，安排了讲解员在每天固定时间为观众提供讲解服务并播放多媒体短片。节假日照常开放。
",8:30,17:00,,,1,,
苏州丝绸博物馆,博物馆,43,120.62249,31.32082,52,3,0,0,"苏州丝绸博物馆位于江苏省苏州市北寺塔风景区内，是一座丝绸专业博物馆。该博物馆于1991年9月21日正式对外开放，2013年10月1日起对公众免费开放。苏州丝绸博物馆占地9500平方米，展陈面积4000平方米。
苏州丝绸博物馆设有历史馆、现代馆、少儿科普馆、桑梓苑和丝织机械陈列室、钱小萍丝绸文化艺术馆六大展区，其中历史馆包括古代厅、蚕桑居、织染坊、贡织院、民国街和非遗厅六部分。截至2019年8月，该博物馆拥有从新石器时代到明清时期的文物级藏品700余件，各类标本及资料藏品3000余件。",9:00,17:00,,,1,,
苏州文庙,博物馆,169,120.62381,31.29502,273,20,131,0,"州文庙，位于江苏省苏州市人民路，截至2021年4月，面积17000平方米，[1]北宋名臣范仲淹于景v二年（1035年）创建，被誉称江南学府之冠，是中国重点文物保护单位，全国第二大孔庙[1]

范仲淹出任苏州知州的次年，在南园遗址上，设学立庙，聘请著名教育家胡瑗为教授，主要建筑有棂星门、大成殿、崇圣祠等。",9:00,17:00,,,1,,
苏州园林博物馆,博物馆,111,120.629562,31.32485,136,6,20,0,"苏州园林博物馆最早位于拙政园住宅区域内，于1992年秋天建成开放，是中国第一座园林专题博物馆。
苏州园林博物馆新馆现位于拙政园西侧，始建于2005年10月，建筑面积3390平方米，在原来二层小楼的基础上新建了一层建筑。整个新馆分成序厅、园林历史厅、园林艺术厅、园林文化厅和结束厅几个部分，其中园林艺术厅详细展示了叠山、理水、花木、建筑等造园手法。",8:30,17:00,,,1,,
新四军太湖游击队纪念馆,博物馆,6,120.317031,31.268943,13,1,4,0,新四军太湖游击队纪念馆位于苏州吴中区光福镇冲山村北山，主体工程占地面积1700平方米，总投资约1000万，历经近十个月的时间打造，正式建成对外开放。 新四军太湖游击队纪念馆于2009年9月开馆，馆名由全国新四军研究会会长周克玉上将题写。展厅设在八角形纪念塔――太湖阁的第一层，分太湖支队初建、太湖支队重建、太湖支队扩建和烈士英名录四部分，同时陈列游击队战士曾用过的生活用品、战斗武器和信件等，辅以太湖芦苇荡、联络站等场景，展现了太湖游击队的战斗历程和英雄风貌。纪念馆现为苏州市爱国主义教育基地。,9:00,17:00,,,1,,
西山地质博物馆,博物馆,53,120.2617343,31.1149178,66,1,8,0,苏州太湖西山地质博物馆是省内首家国家地质公园博物馆，是一个集展览、收藏、研究和教育于一体，兼有科学性、知识性、观赏性和趣味性的科学旅游景点和科普教育基地。,9:00,17:00,,,1,,1
叶圣陶纪念馆,博物馆,22,120.872002,31.27139812,8,1,3,0,"叶圣陶纪念馆位于江苏省苏州市吴中区f直镇叶圣陶公园，保圣寺西侧，建于“吴县立第五高等小学”原址上，1917年至1922年，叶圣陶曾在这里任教。在其逝世后，当地将原校区几处旧址重新修建，辟为叶圣陶纪念馆。
叶圣陶纪念馆为江苏省学校德育教育基地、江苏省爱国主义教育基地。 [1]2019年3月，叶圣陶纪念馆所在的叶圣陶执教旧址与叶圣陶墓一并列入江苏省文物保护单位。",8:30,16:30,,,1,,
张家港博物馆,博物馆,18,120.53161,31.871969,11,0,2,0,"张家港博物馆为国家二级博物馆，总建筑面积为12000平方米，采用“轴线对称、主从有序、四隅崇楼”的仿唐建筑风格，现有“长江文化博物馆”“张家港历史文化陈列”“张家港民俗文化展厅”“书画艺术展厅”“碑刻陈列展示区”五大主题陈列，较清晰完整地展现了张家港的历史发展脉络和独特的地域文化。除基本陈列外，博物馆年均引进各类展览10余个，年均接待观众10余万人次。精心打造“身边的博物馆”“小小历史讲解员”“博物馆奇妙夜”等文化服务品牌，定期开展“流动博物馆”进校园进社区活动。

张家港博物馆作为一个集教育、收藏、陈列、研究于一体的综合性博物馆，现有各类馆藏文物5942件（套），钱币10000余枚，种类涉及石器、陶器、瓷器、金银器、玉器和钱币等，同时还收藏了各类现代字画。始终遵循“抢救第一、保护为主、合理利用、加强管理”的文物工作方针，参与发掘的东山村、黄泗浦等遗址分别取得了“全国十大考古发现”等多项考古成果。同时，学术研究不断取得突破， 已陆续出版发行《张家港市历史文化资源报告》《文明溯源――张家港文物精粹》《东山村――新石器时代遗址考古发掘报告》等书籍。

张家港博物馆自2004年起实行免费开放，是全国较早响应免费开放政策的县级博物馆。因优质的文化服务和良好的窗口形象，相继荣获江苏省文明单位、江苏省青年文明号、苏州市文明单位、张家港文明单位标兵等荣誉称号。",8:30,16:30,,,1,,
中国刺绣艺术馆,博物馆,83,120.34371,31.33389,58,4,5,0,中国刺绣艺术馆坐落于苏州高新区著名的刺绣艺术之乡苏州镇湖，国家AAAA级景区，占地面积8000平方米，建筑面积5000平方米，设有绣史馆，名人馆，工艺馆、精品馆及特展厅，分别展陈了刺绣珍贵文物和当代织绣大师的典藏珍品，已成为国内规模最大，集刺绣技艺研发、学术交流、展示评比及文化传播等多功能为一体的专业性刺绣展馆。,9:00,17:00,,,1,,
中国昆曲博物馆,博物馆,142,120.635796,31.312864,249,13,44,0,中国昆曲博物馆坐落于昆曲的发祥地江苏省苏州市古城区平江路中张家巷全晋会馆内。全晋会馆于2006年被公布为全国重点文物保护单位，馆内有苏州地区最精美的古戏台。它经国家文化部和江苏省人民政府立项批准，于2003年11月正式挂牌对外免费开放。中国昆曲博物馆以抢救、保护、传承、弘扬古老的昆曲艺术为宗旨，以展演、陈列、收藏、研究、传承为主要工作内容，每星期有昆曲星期专场演出。,9:00,17:00,,,1,,
中国苏绣艺术博物馆,博物馆,15,120.61787,31.30826,29,2,5,0,"中国苏绣博物馆1986年建成，苏绣已有两千多年的历史，苏绣以绣工精细、针法活泼、图案秀丽、色彩雅洁著称。 明代，苏州刺绣形成“精细雅清”的地方特色，清代苏绣发展到鼎盛时期，形成了图案秀丽，色彩典雅，针法活泼，制作精细的独特风格，成为“中国四大名绣”之一 中国苏绣艺术博物馆现位于苏州景德路王鏊词内，主题陈列有宫廷刺绣艺术，民间刺绣艺术两部分，其中包括唐宋元明清时代期抱经书的经袱， 在近代绣品室，重点陈列了素有“绣圣”，“神针”的美称的刺绣艺术家沈寿的刺绣杰作。
",9:00,17:00,,,1,,
中国苏州评弹博物馆,博物馆,44,120.63919,31.31041,64,0,5,0,苏州评弹博物馆位于江苏省苏州市平江路中张家巷，建筑面积839平方米。馆内藏有评弹各类珍贵历史资料1.2万余件，各种评弹孤本、脚本几百部。值得一提的是，老一辈无产阶级革命家陈云的夫人于若木女士捐赠了陈云生前珍藏的评弹音像资料560多盘，为评弹博物馆的建立打下了良好的基础。,9:00,17:00,,,1,,
白鹭园,公园游乐园,149,120.725357,31.268736,405,8,61,0,园内的各处景观风格各异，形神相依。主入口景区喷泉景墙、树池景灯，呈现出气派大方的入口景观；亲水平台处湖水与水岸相衔接，站在水岸边独墅湖景色尽收眼底，俨然一副水天相接、天高水阔的美景；临水广场的铺地采用天然石材自然拼接，相嵌在草坪内，时而散置、时而规则、增加了几分趣味，更增添了不少景色。无论晨昏，来此一游，您皆可坐拥波光粼粼的水域，或者湖滨散步，或者静听涛声与湖水星光为伴，享尽无限的生活情趣。,8:00,17:00,1,,,,1
白塘公园,公园游乐园,30,120.73732,31.314844,51,4,8,0,苏州白塘公园位于苏州工业园区现代大道中段的北部，与金鸡湖、沙湖互成犄角，总占地面积约60．5公顷，其中水面面积约90公顷。该园的设计方案出自荷兰著名景观设计公司NITA景观设计院。,8:00,17:00,,1,,,1
崇明东滩湿地公园,公园游乐园,238,121.243896,31.727762,395,2,75,20,"滩湿地公园毗邻东滩鸟类自然保护区，也是国内一处与候鸟保护区相邻的湿地公园。建成的湿地公园二期草木丰茂，自然引来了不少珍稀鸟类。“从最近几次的鸟类监测中看到，几乎每个月都有一些新的鸟类进入公园。”邱忠虹告诉记者，湿地公园二期专设了一个水涉禽招引区，园内种植了大量崇明当地土生土长的植被，如竹子、赤槐、乌桕、水葱、菖蒲等，这不仅形成了错落有致的景观，也为鸟儿带来了栖息的佳地。
从最新的监测情况来看，湿地公园内已经发现了112种野生鸟类，包括国家二级保护动物小鸦鹃、白胸苦恶鸟、黑水鸡等，数量也很大。
2020年2月，为感恩全国医务工作者的奉献，东滩湿地公园自恢复开园起至2020年12月31日，对全国（含港澳台地区）医务工作者实行免门票政策。",9:00,17:00,1,,,,1
东园,公园游乐园,50,120.6373062,31.31900024,104,1,4,0,东园是利用蒋桃园废墟，古城墙遗址和内城河，通过人工改造而成。原内城河挖成辽阔的水面，在绵延的古城遗址上广植花木，构成了以山水为主景观的新型现代园林。现开阔的河畔建有苏州市内最大的游艇码头，有游船60余艘。泛舟荡漾水面，使人心旷神怡。南部有一游乐区，内有碰碰车、滑行龙、空战机、旋转木马等10余种游乐设施。,8:00,17:00,1,,,,1
桂花公园,公园游乐园,230,120.64184,31.29381,453,20,26,0,桂花公园建成于1998年10月，占地16.5公顷，位于苏州古城的东南隅，毗邻蓬勃发展的工业园区。东面与古运河相拥，南面绵延数里环抱在郁郁葱葱的姑苏城城垣和大运河的绿水旁，是近年苏州市环古城风光带建设的重点景观之一。沿运河南部建有古城“蛇门”及二百十八米长的姑苏水陆城楼，二公里长的婉延曲径沿运河穿梭在茂密的柳荫绿岛树林中，草坪宽广，自然舒适，充分显现江南城市水乡的特色，是市民休闲、散步、观景的最佳去处。,8:00,17:00,1,,,,1
金仓湖公园,公园游乐园,550,121.10241,31.504192,909,54,139,0,"金仓湖公园位于太仓市城厢镇（市区），面积5.6平方公里，其中湖面面积超过1000亩，是太仓最大的湖泊，是上海市美兰湖的十倍大。金仓湖是太仓市的核心景区，被誉为“太仓市最美丽的地方”。金仓湖地区绿化率超过90%，位居全市排名第一，空气质量和环境指数优良率排名全市第一，年接待游客数量全市排名第一，是来太仓旅游的必游景点。2016年接待游客总量更是超过77万人次 。这里正成为太仓亮丽的新“绿肺”；
总体规划为6个功能区域，包括滨水生态体验区、湿地休闲区、体育运动区、休闲购物区、旅游度假区和住宅区。其中，引进德国理念的赤足森林是国内首家也是一家倡导赤足运动的体验式公园，卸下双足的负担徜徉其间，轻松自然，天人合一。
金仓湖畔的疏朗草坪总面积达10多万平方米，是太仓最大的草坪，站在坡上，眺望千亩湖面，碧绿的草坪、成片的乔木林疏朗有致，更有曲折的木栈道、别致的木平台将草坪和湖光岛色联成一体，让人心旷神怡，太沙公路穿湖区而过，公园以西将建成德国风情小镇，公园以北将建成万丰生态园，太沙公路两侧将建成万亩高产水稻和油菜地。金仓湖在太仓市区以北，是太仓市区的绿肺，是太仓市区38万人休憩好去处，日最大接待游客达5.8万人。
公园一直遵循着“生态、郊野、休闲、运动”的原则和国家4A 级景区的标准进行设计建设，2008年公园入选首批上海世博“主题体验之旅”示范点，2009年又荣获“国家水利风景区”、“江苏省省级湿地公园”称号。",8:00,17:00,,1,,,1
镜湖公园,公园游乐园,211,120.67881,30.909709,482,21,101,0,镜湖公园，安徽省芜湖市镜湖公园。芜湖镜湖公园由大小镜湖两部分组成，大镜湖俗称“陶塘”，小镜湖为“汪家田”。由宋代词人张孝祥“捐田百亩，汇而成湖”。镜湖位于市区中心，毗邻最繁华的芜湖中山路步行街与鸠兹广场，水面达二百余亩。因其水清可鉴，形似圆镜，“水惟不竞形俱鉴”，故名“镜湖”。,8:00,17:00,,1,,,1
莲花岛,公园游乐园,1556,120.874947,31.385172,3660,234,793,0,"莲花岛位于江苏省阳澄湖西湖、中湖、东湖中心，面积约3平方千米，形似一朵盛开的莲花,镶嵌在湖中，因此得名“莲花岛”。
岛上住着200多户人家，约1200人，多以养殖大闸蟹为业。
岛上只有人走的路，没有汽车、摩托车等交通工具。家家户户有好几条船，小船、挂浆船、汽艇，蟹农平时出行就用小汽艇，每个汽艇6万多元。
苏州市政府为了保护阳澄湖水源，阳澄湖部分围网已经拆除，留下部分围网养蟹，降低密度，保护水源，继续着阳澄湖大闸蟹的传奇。",8:00,17:00,1,1,,,
梁鸿湿地公园,公园游乐园,390,120.52141,31.49862,788,27,84,30,梁鸿湿地位于江苏省无锡市鸿山镇东部的中国吴文化博览园内，东与鸿山遗址公园农业生态展示区接壤，西边濒临泰伯渎，北起泰伯渎瞻桥，南至自然村落桥头巷，总规划面积1333亩，一期工程600亩，2009年4月10日开园。,9:00,17:00,1,1,,,1
盘门景区,公园游乐园,949,120.621459,31.284852,1666,104,187,40,"盘门景区位于苏州古城西南隅，占地24.86公顷，古迹众多，人文景观丰富。景区内瑞光塔、水陆城门、吴门桥均为全国重点文物保护单位。为弘扬历史文化，加快发展旅游事业，近年来，盘门景区修复古城墙，整治瑞光塔院，重建四瑞堂、伍相祠、放生池，还营造一池三山、种树植草，精工修造丽景楼、双亭廊桥、水濂洞等诸景点，是苏州旧城改造与保护项目，具有独特的历史文化内涵。分为入口区、明清商市区、中心庭院区、西部居住区、城墙公园区等五部分，并将吴门桥、古盘门、瑞光塔三者有机结合起来，形成了独具特色的风景旅游格局。
",8:00,17:00,1,,1,,1
三国城,公园游乐园,973,120.23883,31.47341,1881,76,146,90,"无锡三国影视城（Wuxi Three Kingdoms Film and Television City）又名中央电视台无锡影视基地，位于江苏省无锡市美丽太湖畔，是国家首批国家AAAAA级旅游景区，也是中国首创的超大规模全沉浸式影视拍摄和旅游基地。
影视基地始建于1987年，是我国首家以影视文化与旅游相结合的主题文旅项目。
无锡三国影视城以其独特的功能和魅力每年吸引着成百上千个摄制组在这里拍摄1000部及以上的电视剧和电影，同时每年吸引着超过300万人次到这里来探索影视制作奥秘和旅游的游客，而且随着景区的不断翻新变化和良好的服务，知名度的日益提高，来这里的摄制组和旅游人数逐年稳步增长，这在业内是首屈一指的，是国内公认的最早最成功的影视基地，被誉为""东方好莱坞""。
三国影城坐落在葱茏苍翠的军嶂山麓、风景秀丽的太湖之滨，是中央电视台为拍摄八十四集电视连续剧《三国演义》而兴建的大型影视文化景区。
中央电视台1994年拍摄的《三国演义》中：“刘备招亲”、“火烧赤壁”、“横槊赋诗”、“草船借箭”、“借东风”、“诸葛吊孝”、“舌战群儒”等十多集的重场戏均在此拍摄。更是影响了后续无数不同类型的古装剧来此拍摄。
影城占地35公顷，是中视股份继唐城景区之后推出的又一座集影视拍摄、旅游功能于一体的影视城。",8:00,17:00,,,1,,1
沙湖生态公园,公园游乐园,907,120.77236,31.3296,1604,109,194,0,截止2020年8月19日，苏州工业园区最大的一个公园，占地面积为121万平方米，其中陆地面积为67万平方米，水域面积为54万平方米。地处工业园二，三期开发区的东面，东临风里街，西靠星华街，北近苏虹东路，南面紧接现代大道。由湖中三个小岛樱花岛（面积约为4.8万平方米）、海棠岛（面积约为0.5万平方米）、芦苇岛（面积约为6千平方米）组合而成。,8:00,17:00,1,,,,
沙洲公园,公园游乐园,196,120.55418,31.86764,123,11,72,0,"沙洲公园是1977年7月在原沙洲县（现张家港市）烈士陵园的基础上扩建，1991年迁出烈士陵园，按照苏州园林的建筑风格重建。
沙洲公园位于张家港市市中心暨阳路和公园路交界处，北临东横河，占地面积5.01万平方米，其中绿地面积4万平方米，是一座构思精巧，布局独特，富有历史文化底蕴的江南仿古园林。
2001年再次进行全面改建，2001年10月1日起开放并免收门票，成为开放式公园。",8:00,17:00,1,1,,,1
水浒城,公园游乐园,392,120.23877,31.4835,728,40,73,80,"水浒城在全国有多个，知名的有：无锡太湖水浒影视城、湖北赤壁中华水浒城、山东东平水浒影视基地。
无锡太湖水浒影视城是中央电视台为拍摄大型电视连续剧《水浒传》而规划的仿宋建筑 、埸景集群，是无锡太湖影视城继唐城、欧洲城、三国城之后，向“东方好莱坞” 目标迈进的又一重大举措。
“水浒城”依山傍水，陆地面积36公顷，并有广阔的湖面拍摄埸景，城内建筑 风格统一而形式多样，上自皇宫相府，下至民宅草屋，衙门监牢、寺院宗庙、街市 店铺、酒楼客栈以及水泊梁山大塞，从各个不同的阶层，充分再出了宋代独特的历 史背景和浓郁的风土人情。游历其间，缅怀岁月，怎不令人感叹时光悠悠，物过而境迁！
“水浒城”宏扬的是宋代光辉灿烂的民族文化，通过一个个逼真的景点再现了 清明时节汴河两岸民俗风貌，其间城郭市桥屋户之远近高下、舟船车马之往来先后 ，皆近其意态，让人忘却世间烦恼、流连于往昔岁月红尘。",8:00,17:00,,,1,,1
苏州公园,公园游乐园,205,120.622307,31.313164,500,7,41,0,《苏州市志》记载：苏州公园“是苏州第一座现代公园，俗称大公园。”考证公园渊源，可以推至春秋，原为春秋吴子城遗址，汉为太守署。唐宋又有增葺，该园已“春日民众可入游乐”。 元末为张士诚王府，后焚毁，遂沦为荒地，称皇废基。翻阅光绪三十四年（1908）的苏州地图，在梗子巷南有池沼，地较疏旷。时值西风东渐，遂有人建议在此建“市民公园”。一块日后在苏州市民生活中不可或缺的“闲地”开始引起了开明士绅的关注。“五四”运动后，各界人士倡议造一座包含图书馆、文物陈列室、会堂、音乐亭等科学文化娱乐设施俱全的公园。1920年，江阴旅沪巨商奚萼铭慨捐5万银元开始了筹建。先由苏州工专土木科学生测绘平面图，再交上海公董局法国园艺家若索姆规划设计。是年7月末，先在园中部荷池南建成一座城堡式两层、四面钟楼的图书馆（原吴县图书馆）。馆东侧临池为“东斋”茶室，西南角建西亭，园东南辟池名“月亮”，池边修廊，紫藤纷披，又植树4000余株。20年代城内外古典园林极少开放，公园被民众誉为城内清静地。,8:00,17:00,,1,,,1
苏州乐园,公园游乐园,5021,120.762428,31.2351,10323,597,1074,180,"苏州乐园原址位于苏州高新区狮山板块，现已搬迁至“城市绿肺”大阳山国家森林公园东南侧，是由苏州高新股份公司斥资打造的全新一代森林主题休闲娱乐目的地。搬迁升级后的苏州乐园深耕森系旅游板块，旗下涵盖森林世界、森林水世界、四季恒温水乐园、苏州乐园植物园四大主题景区及度假酒店、精品民宿、特色餐饮、主题演艺等多元综合业态，正致力于打造森林主题休闲娱乐目的地――苏州乐园森林度假区。
2022年12月30日，苏州乐园森林世界景区获国家4A级旅游景区称号。",9:00,17:00,,,,,1
太湖湿地公园,公园游乐园,3440,120.663986,31.321781,6223,360,838,0,"江苏苏州太湖国家湿地公园位于江苏省苏州市高新区西部，西枕太湖，东接东渚，南连光福，毗邻镇湖，规划总面积4.6平方公里，一期对外开放2.3平方公里，其中水域面积占71%。
江苏苏州太湖国家湿地公园是一个自然与文化相融的个性独具的原始时尚休闲景区，汇集了湿地渔业体验区、湿地展示区、湿地生态栖息地、湿地生态培育区、水乡游赏休闲区、湿地生态科教基地、原生湿地保护区等七大功能区。景区内有桃源人家、桑梓人家、七桅古船、渔矶台、槿篱茅舍、半岛茗茶、青云画舫、烟波致爽等景点。公园主要为鸟类和鱼类提供栖息地。
江苏苏州太湖国家湿地公园于2010年2月正式对外开园，2011年9月通过原国家林业局试点国家湿地公园验收，正式成为国家湿地公园；2012年被评定为国家AAAA级旅游景区。",8:00,17:00,1,,,,1
桃花坞,公园游乐园,2137,120.615692,31.3175797,4584,291,413,0,桃花坞，即今苏州市桃花坞大街及其周边地区。唐诗人杜荀鹤曾作《桃花河》诗，宋范成大《阊门泛槎》诗有“桃坞论今昔”句。可见桃花坞名称由来以久。宋末元初曾居住过桃花坞庆里的徐大焯在《烬余录》中详细描述了桃花坞的范围：“入阊门河而东，循能仁寺、章家河而北，过石塘桥出齐门，古皆称桃花河。河西北，皆桃坞地，广袤所至，赅大云乡全境。”,8:00,17:00,,1,1,,
桐泾公园,公园游乐园,647,120.60231,31.279821,1495,59,126,0,桐泾公园位于桐泾路与解放路交界处东北角，占地约20万平方米，是苏州市中心城区最大的市级公园。该公园围绕“生态、人文、科技”三大规划理念，运用简洁的设计和造园手法，充分体现现代都市中人们对生态自然的追求和高新技术的探求欲望。,8:00,17:00,,1,,,
网师园,公园游乐园,1160,120.635117,31.297597,3259,220,6903,40,"网师园（Master-of-Nets Garden），位于江苏省苏州市城区东南部带城桥路阔家头巷11号，距离上海虹桥机场约120公里。是苏州园林中型古典山水宅园代表作品。网师园始建于南宋时期（公元1127～1279年），旧为宋代藏书家、官至侍郎的扬州文人史正志的“万卷堂”故址，花园名为“渔隐”，后废。至清乾隆年间（约公元1770年），退休的光禄寺少卿宋宗元购之并重建，定园名为“网师园”。
网师园几易其主，园主多为文人雅士，各有诗文碑刻遗于园内，历经修葺整理。网师园占地约半公顷，是苏州园林中较小的一座。园内主要建筑有丛桂轩、濯缨水阁、看松读画轩、殿春m等。网师园的亭台楼榭无不临水，全园处处有水可依，各种建筑配合得当，布局紧凑，以精巧见长。
网师园是典型的宅园合一的私家园林。住宅部分共四进，自轿厅、大客厅、撷秀楼、五峰书屋，沿中轴线依次展开，主厅“万卷堂”屋宇高敞，装饰雅致。
网师园是全国重点文物保护单位、世界文化遗产。",8:00,17:00,,,1,,
古樟植物园,公园游乐园,20,120.30654,31.12319,14,1,7,0,山古樟植物园，位于苏州市吴县西山景区，因园区有千年香樟树而得名。是由中国科学院中山植物研究所、苏州城建环保学院设计建设，它充分利用西山丰富的植物资源。引进大量名贵花草树木，既有园林之美，又不失自然野趣，与古老的苏州园林遥相呼应，珠联璧合。植物园拥有五个景区：一、古樟树景观区；二、经济植物及珍稀果木示范区；三、展览温室；四、简易花卉生产温室；五、水生植物区。西山古樟植物园以古樟园为基础，将其扩建为120亩古樟植物园，内有各类珍奇观赏植物近千种，成为旅游、植物研究的著名观赏区。,8:00,17:00,,1,,,1
荷塘月色,公园游乐园,50,121.01794,31.17967,48,4,12,0,荷塘月色湿地公园位于苏州相城区黄桥地域太阳路以南，由300多个沉降鱼塘和200多亩荒滩废弃河道改建而成，并成为集湿地保护、生态旅游、休闲观光和科普教育等为一体的现代休闲旅游区。总规划面积近六千亩，总投资达三个亿。其中公园面积五千三百亩，配套设施面积七百亩。整个建设分为两期，一期已建设面积两千亩，已投资七千万，种植了荷花、睡莲等一百五十五种荷花品种。,8:00,17:00,,1,,,1
苏州中国花卉植物园,公园游乐园,186,120.599,31.41414,615,34,1893,0,"苏州中国花卉植物园是国家3A级旅游景区，由杜鹃、茶梅、芙蓉、牡丹、樱花、花果、蔷薇、黑松、竹园、家乡树种等28个专类花卉园（角）组成，引种了适宜在相城种植栽培的1800多个品种、100多万株世界各地名贵花卉，是一个集世界花卉大全、华东地区规模最大的“江南大花园”，苏州城北以赏花为主题的“天然氧吧”。
花卉植物园建设因地制宜，根据园内多种地况特点，分别种植水生、中生、旱生植物，创造丰富多变的植物园景观，取得良好的生态效果。
自2022年3月3日起，苏州市植物园有序恢复开放，景区内部室内场馆等暂不开放。",8:00,17:00,,1,,,1
阊门,名胜古迹,342,120.60555,31.31519,688,33,86,0,门（拼音chāng mén），乃苏州古城之西门，通往虎丘方向。 阊门，从清代乾隆年间的《姑苏繁华图》中可以看出，阊门内城门临阊门大街（今西中市），上有城楼，类似盘门城楼。外城门靠吊桥，瓮城为长方形，瓮城内另有套城，并还有南、北两个童梓门。南童梓门通今南新路，北童梓门通北码头。,8:00,17:00,,,1,,
金门,名胜古迹,67,120.607132,31.309645,68,4,12,0,在未辟金门之前，由城中去虎丘、枫桥等处，都得从阊门出入。由于道路拥挤，车马相争事故屡有发生，故需另开一门，“另辟蹊径”。民国时期为沟通观前街与阊门商业区的联系，于1921年筑南新桥，1922年开金门。但第二年即发生了军阀齐燮元和卢永祥的江浙战争，祸及苏州。士绅认为开了金门不利，便重又砌没，另在其南60米处开辟新阊门。新阊门与景德路对直，似乎方便了，但出城后还得拐个弯再上南新桥，加上位置和高度皆不相宜，于是1929年动工重新开辟金门，1931年竣工，外与南新桥连成直线，内与景德路曲线相接，城门系罗马式，也设三门。,8:00,17:00,,,1,,
齐门,名胜古迹,31,120.62587,31.32708,82,1,7,0,齐门位于苏州城北。因门朝向当时的齐国，故名。相传阖闾十年（公元前505），吴破齐，齐以女质，配与吴世子波。齐女思乡，日夜号泣成病，阖闾乃造此门，名“望齐门”，令齐女往游其上，后称齐门。又传，当时吴强齐弱，年老的齐景公慑于吴王声威，将女配与吴太子波。太子波早亡，齐女思乡，吴王在齐门上造九层飞阁，让齐女登阁望乡，故又名望齐门。,8:00,17:00,,,1,,
相门,名胜古迹,85,120.63765,31.30969,156,12,9,0,"相门（xiàng mén）古作干将门、将门、匠门，位于江苏省苏州古城东。
吴王阖闾曾命铸剑师干将于此设炉铸剑，故得名干将门、将门。
《吴郡图经续记》记载：“将门者，吴王使干将于此铸宝剑，今谓之‘匠’，声之变也。”因此，“将门”便又称之为“匠门”，后又讹“匠”音为相，遂称“相门”。
相门在宋初被填塞。民国23-25年重辟，解放后被拆除。 [1]2012年再次重建。",8:00,17:00,,,1,,
胥门,名胜古迹,501,120.612442,31.296881,1125,40,115,0,"胥门，也称老胥门，1982年被列为苏州市文物保护单位。现存城门为元至正十一年（1351年）重建，明清重修。胥门与盘门同为苏州幸存的古城门。 [1]
《苏州府志》云：“胥门，西门也，在阊门南，一曰姑胥门。”现存城门为元至正十一年（1351年）重建，明清重修。苏州古城门皆水陆并列，惟胥门为防太湖洪水进城，宋元以后就无水门。陆门原有至正十六年张士诚增建的瓮城，已于民国时期拆去。现存门洞由三道砖砌拱券组成，第二道与第一、三道垂直相交砌筑，结构与盘门陆门内门相同。
拱门高4.65米，宽3.3米，纵深11.45米。东向（城内）尚存横额，“胥门”二字已毁。门洞左、右残存垣长约65米，残高7.2米，砖石尚较完整。西向（城外）砖石保存甚少。",8:00,17:00,,,1,,
木渎严家花园,名胜古迹,201,120.5107,31.25599,286,24,45,50,严家花园占地16亩。中路为五进主体建筑，依次为门厅、怡宾厅、尚贤堂、明是楼和眺农楼。其中位居第三进的尚贤堂为苏州罕见的明式楠门厅，迄今已有400多年历史，木础石质，典雅古朴；楠木直柱，圆润柔和；雕刻简洁疏朗，色调淡雅素净，具有实用和审美功能。尚贤堂和明是楼前各有清代砖雕门楼一座，所雕人马戏文玲珑剔透，意趣隽永，虽依附于厅堂，却未尝不是一件独立的艺术品，极富艺术价值和审美情趣。,8:00,17:00,,1,1,,1
藕园,名胜古迹,56,120.626731,31.311574,104,7,5,30,"耦园，原名涉园，位于江苏省苏州市内仓街小新巷6号，始建于清代初年。清末，因在住宅的东、西两侧各建有一园，故名“耦园”，且“耦”与“偶”相通。
耦园三面临河，一面沿街，宅园总面积约8000平方米。耦园布局以四进厅堂的宅地为中心，东西两园与住宅之间以重楼相通。分为中厅、西花厅与东花园三部分。东花园较大，占地面积约4亩，布局以山为主，以池为辅的特点。其东南角有小院三处，总称为“城曲草堂”。西园面积较小，以书斋“织帘老屋”为中心，分隔为前后两个小院，前院有湖石假山，后院有湖石花坛，园北立有藏书楼。耦园内景观“黄石假山”，修筑于城曲草堂楼厅之前。
2000年11月30日，包括耦园在内的苏州古典园林被联合国教科文组织世界遗产委员会第24届会议批准补列入《世界遗产名录》。2001年6月25日，耦园被中华人民共和国国务院公布为第五批全国重点文物保护单位。",8:00,17:00,,1,1,,1
启园,名胜古迹,96,121.018877,31.319123,105,8,18,25,启园的园址原名叶家浜，是太湖边种稻养鱼的十余亩洼地。本世纪三十年代，东山人席启荪买进这块地，在临湖一边挖土，扩展到40余亩，耗资十万（当时币值），历时3年建成这座私家园林，所以又名席家花园。建园时，由著名画家蔡铣、范少云、朱竹云等参照明王鏊所建的“招隐园・静观楼”的意境进行设计，“临三万六千顷波涛，历七十二峰之苍翠”，寓意深邃尽得湖山之胜。园内主体建筑“镜湖厅”是位于山水层林之间的四面厅，为二层建筑，端庄雅致。厅的四面空旷，东面筑“五老峰”、“真竹假笋”，铺地用小石砌成图案，其间花木扶疏，有含笑、山茶、牡丹、桂花、红枫、腊梅、铁牙松，清幽悦目。特别月夜至此，更是媚人。园中复廊的隔壁辟图案各异的漏窗，隐约可见被隔断的园景，给人以遐想和游之不尽之感。复廊尽端及两侧缀以亭台，愈臻古朴雅逸，展现了深厚的中国文化底蕴。,8:00,17:00,,1,1,,
苏州网师园,名胜古迹,1165,120.6333,31.297557,3269,220,6903,40,"网师园（Master-of-Nets Garden），位于江苏省苏州市城区东南部带城桥路阔家头巷11号，距离上海虹桥机场约120公里。是苏州园林中型古典山水宅园代表作品。网师园始建于南宋时期（公元1127～1279年），旧为宋代藏书家、官至侍郎的扬州文人史正志的“万卷堂”故址，花园名为“渔隐”，后废。至清乾隆年间（约公元1770年），退休的光禄寺少卿宋宗元购之并重建，定园名为“网师园”。
网师园几易其主，园主多为文人雅士，各有诗文碑刻遗于园内，历经修葺整理。网师园占地约半公顷，是苏州园林中较小的一座。园内主要建筑有丛桂轩、濯缨水阁、看松读画轩、殿春m等。网师园的亭台楼榭无不临水，全园处处有水可依，各种建筑配合得当，布局紧凑，以精巧见长。
网师园是典型的宅园合一的私家园林。住宅部分共四进，自轿厅、大客厅、撷秀楼、五峰书屋，沿中轴线依次展开，主厅“万卷堂”屋宇高敞，装饰雅致。
网师园是全国重点文物保护单位、世界文化遗产",8:00,17:00,,1,1,,
退思园,名胜古迹,404,120.722198,31.16061,795,59,1118,20,"退思园，位于中国江苏省苏州市吴江区同里镇古镇区新填街234号，始建于清光绪十一年至十三年（1885―1887年），该园是清朝官员任兰生被罢官返回故里后建造，园名引自《左传》中的“林父之事君也，进思尽忠，退思补过”之意。
退思园占地面积5674平方米，建筑面积2622平方米，横向布局，从西向东依次是住宅、庭院、花园。住宅由门厅、茶厅、正厅及家人居住的两幢小楼组成。中部庭院是住宅和花园之间的自然过渡，主要是用来作待客之用。庭院是以回廊围合而成，院南建有迎宾馆、岁寒居，做主人会客、宴客之处；院北建有坐春望月楼，是供客人居住。院内有旱船和花木小景，院东有月洞门通往花园。退思园是小型园林的典范，在有限的地域和空间内，为现代人提供了一个天然博物馆。
2001年6月，退思园被国务院公布为第五批全国重点文物保护单位",8:00,17:00,,,1,,
五峰园,名胜古迹,19,120.60955,31.31738,55,4,9,10,"五峰园始建于明代嘉靖年间，为长州尚书杨成所筑，俗称“杨家园”、一说园为文征明之侄画家文伯仁所筑，文伯仁号五峰老人。园中耸立五座太湖石峰，高二丈，颇极皱瘦玲珑之致，并峙高阜间，形似老丈，又名五老峰，分别为“丈人峰”、“观音峰”、“三老峰”、“庆云峰”及“擎云峰”。 全园以五峰胜，辅以水池，有峭壁、峡谷、山洞、石桥、古树、旱船、园亭、岩洞等景。园西南角有土墩，俗传为唐柳毅墓。该园屡易其主，惜抗日战争前后既散为民居，年久失修，现已荒芜，建筑坍，水池填塞，古树枯死，二座石峰倒地。1983年曾对峰石进行过保护性维修加固。
1982年，五峰园被列为市级文物保护单位。",8:00,17:00,,,1,,
平江路,名胜古迹,7914,120.5903151,31.2356922,22970,905,2432,0,"平江路南起干将东路，北越白塔东路和东北街相接，古名叫做""十泉里""，较早出现了1834年的《吴门表隐》中，说道:""平江路古名十泉里，有古井十口，华阳桥南一，奚家桥南一，苑桥北一""，很详尽。平江路是沿河的路，全长约1606米，也就是三里路长，两侧的横街窄巷就多了，比如狮子寺巷、传芳巷、东花桥巷、曹胡徐巷、大新桥巷、卫道观前、中张家巷、大儒巷、丁香巷、胡厢使巷、萧家巷、钮家巷、悬桥巷等等。",8:00,17:00,,,1,,
山塘街,名胜古迹,665,120.59301,31.32519,1284,59,171,0,"塘街位于江苏省苏州古城西北，东至红尘中“一二等富贵风流之地”阊门，西至“吴中第一名胜”虎丘，全长约3600米，约合7华里，故称“七里山塘到虎丘”。
唐朝时期，白居易任苏州刺史，对苏州城外西北河道进行疏浚，开挖成山塘河，傍河而建的古街被称为山塘街，沿街均为古建筑。古建筑大多是晚清和民国时期的建筑，为几落几进构成的建筑群体，纵向为落，横向为进。
2010年，山塘街获评“中国文化遗产保护典范单位”，被评为“中国历史文化名街”。2015年，山塘街被中国住建部、文物局评为首批“中国历史文化街区”。",8:00,17:00,,,1,,
陆巷古村,名胜古迹,864,120.3605413,31.07520643,1630,98,223,50,陆巷村，隶属于江苏省苏州市东山镇。距离东山镇中心12公里，背山面湖，东边是莫厘峰，南边是碧螺峰，西边是太湖，南宋时渐成村落，明清时名人辈出，明正德初大学士王鏊的故里即在此村。古村内寒谷山庄、北箭壶、观音堂等“72堂半”明清高堂巨宅鳞次栉比，保存完好的明清建筑有30余处，是吴县古建筑群中数量最多、保存较好、质量最高的一个村庄，是香山帮建筑的经典之作，也是环太湖古建筑文化的代表， 被誉为“太湖第一古村落”。还是明代首辅王鏊的故里。村中还有一条长达一里的明代古街，建有“探花、会元、解元”三座明代牌楼。,8:00,17:00,,,1,,
周庄古镇,名胜古迹,40,120.957741,31.399305,83,8,8,100,"周庄古镇位于苏州城东南，昆山、吴江、上海三地交界处，是世界文化遗产预选地、首批国家5A级旅游景区，
周庄古镇四面环水，因河成镇，依水成街，以街为市。主要景点有富安桥、双桥、沈厅等。井字型河道上完好保存着14座建于元、明、清各代的古石桥。800多户原住民枕河而居，60%以上的民居依旧保存着明清时期的建筑风貌。",8:00,17:00,,,1,,
包山寺,名胜古迹,16,120.30659,31.1020822,8,0,1,0,"位于苏州市吴中区灵岩山，是一座历史悠久的佛教寺庙。寺庙建筑古朴典雅，环境清幽，是修身养性和观光旅游的好去处。山禅寺，位于林屋洞西北的包山坞中，据史志资料记载，该寺初创于南朝之初，初名福愿寺，梁大同二年（536）正式建寺。唐上元九年，唐高宗李治赐该寺名为“显庆禅寺”；因西山四面为水所包，俗称包山，该寺又是山上第一大寺，唐肃宗李亨又赐名为包山寺，所在的山坞亦得名为包山坞，名称一直沿用至今。
自唐朝至清朝，包山寺代称江南名刹，高僧辈出，寺院亦经历了多次兴废。解放初包山寺曾被列为江苏省重点文物保护单位，“文化大革命”时寺院被毁，1995年开始重建，至1999年秋基本建成，10月23日正式开光。",8:00,17:00,,,1,,
报国寺,名胜古迹,123,120.985626,31.088577,192,8,25,0,"报国寺，位于四川省峨眉山市峨眉山麓的凤凰坪，为峨眉山八大重点寺庙之一，山中第一大寺。 [1]建于明万历年间（1573―1619年，一说1620年），原名会宗堂，取儒释道三教会宗之意。
报国寺占地40000平方米，坐西向东，前有凤凰堡，后倚凤凰坪，左濒凤凰湖，右挽来风亭。清迁于此，顺治九年（1652年）重建，康熙四十二年（1703年） 以《释氏要览》 “四恩斯报”中“报国主恩”之意，御题“报国寺”匾额而易名。
1983年，报国寺被中华人民共和国国务院确定为汉族地区佛教全国重点寺院。",8:00,17:00,,,1,,
北塔蠖魉,名胜古迹,973,120.623268,31.318424,1817,97,136,0,"北塔报恩寺，是苏州历史最悠久的寺院，距今已有1700多年。始建于三国赤乌年间（238―251年），据史志记载，乃孙权为乳母陈氏所建，始称通玄寺。唐初改称开元寺，后易名为报恩寺。
北寺塔是中国楼阁式佛塔，塔八面九层，规模宏大，重檐复宇，占地1.3亩，塔高76米，为江南第一古塔。塔内设置木梯，人们循级而上，可俯瞰苏州古城全貌。 北寺塔现为省级文物保护单位。
北寺塔东侧是明万历四十年重建的楠木观音殿，为苏州现存最完整的明代古建筑。观音殿南面建长廊，陈列着国内最大的巨型漆雕《盛世滋生图》，也称《姑苏繁华图》。该图全长32米，高2米，再现了清代“乾隆盛世”苏州的繁华。塔后碑亭中置有罕见的元代石雕艺术品张士诚记功碑，具有极高的历史艺术价值。",8:00,17:00,,,1,,
沧浪亭,名胜古迹,1092,120.62923,31.24249,4421,149,711,20,"沧浪亭，位于江苏省苏州市城南，是苏州最古老的一所园林，始建于北宋庆历年间（公元1041～1048年），南宋初年（公元12世纪初）曾为名将韩世忠的住宅。沧浪亭造园艺术与众不同，未进园门便设一池绿水绕于园外。园内以山石为主景，迎面一座土山，沧浪石亭便坐落其上。山下凿有水池，山水之间以一条曲折的复廊相连。假山东南部的明道堂是园林的主建筑，此外还有五百名贤祠、看山楼、翠玲珑馆、仰止亭和御碑亭等建筑与之衬映。
沧浪亭与狮子林、拙政园、留园一齐列为苏州宋、元、明、清四大园林，园内除沧浪亭本身外还有印心石屋、明道堂、看山楼等建筑和景观。
沧浪亭于1982年列为江苏省文物保护单位，2000年作为《世界文化遗产苏州古典园林增补项目》被联合国教科文组织列入《世界遗产名录》，2006年被国务院列为第六批全国重点文物保护单位。",8:00,17:00,,,1,,
曹王禅寺,名胜古迹,137,121.32341,31.45027,202,14,48,0,"曹王禅寺坐落于上海市嘉定区徐行镇和桥村。史传为曹王祠。曹王者，何许人也，今已无史可考。传说不一乏祥实之记载。或说曹魏、或说李唐皆无佐证。今据第二十七代僧慧智以文物印象回忆，说是纪念汉相曹参。为当地百姓认可，实亦难可信，需求索佐证。对此，现实已无细据之必要。以佛教观照，曹植、李明皆有情众生，即使被当地百姓奉为神明。仍在六道之中。皆是佛门超度对象。此间百姓视曹王为神灵，将曹王祠更名为曹王庙。香火渐旺。百姓聚而居之，遂形成曹王镇。镇民究之根本，信佛之风渐成，便在寺内设建大雄宝殿，供奉释迦世尊。由庙而寺，定名为曹王禅寺，沿革至今。
今者，政治清明，国运昌隆，四众弟子进香礼佛者与日俱增，每逢佛教圣节，云集此者常达三千余人，为适应徐行曹王两镇合并的总体，市政规划。保护和满足广大佛教信众的宗教活动，经嘉定区政府批准，迁址、重建于此。 现已初具规模，落成之后，有圆通宝殿、大雄宝殿、文殊阁、普贤阁、钟鼓楼、伽蓝殿、祖师殿等。及斋堂、寮房等附属设施。整个建筑群采用明清风格，整体远景规划，将占地三十多亩。展望未来，这里琳宫梵宇、气象焕然、庄严肃穆，必将成为上海市嘉定东北部寂妙修善理想之场所。空气清新、水流明净、无喧闹之浊音、梵呗荡漾于田园上空、断烦恼、得净心、生菩提。亦必将提升嘉定徐行曹王地区之文化底蕴。
曹王禅寺修复工程浩大，耗资甚巨，工程进展尚需时日，故特劝请十方善信，念佛诸友，共享盛举，捐资无论多少，积沙成塔，皆是无量功德，是为启。",8:00,17:00,,,1,,
慈云禅寺,名胜古迹,61,120.505791,30.91484,122,1,15,0,"慈云禅寺，位于江苏苏州市吴江区震泽镇，创建于宋咸淳（公元1265-1274年）年间。明正统中（1436-1449年）重建，旧名广济寺。明顺年间（1457-1464年）赐今额，寺中有浮屠五级，相传三国赤乌13年（250年）初建，明万历五年（1577年）寺与塔均重建。自明万历至汪康熙、乾隆、道光历朝多次增建殿宇堂轩，成为吴江区内规模较大的佛教寺院，历代高僧辈出，明有道泽、慈林，清有净眼、超伟法师及断手誓修天王殿的化主天衣僧。
慈云禅寺，片云自西来，与塔相回互。”历朝历代，有无数诗人赞美、吟咏过这座古寺，只要是游历过古寺的人，无不被它的优雅和古朴所倾倒，慈云禅寺仍然是震泽的一座标志性的建筑。",8:00,17:00,,,1,,
定慧寺,名胜古迹,66,120.632782,31.30657959,195,18,32,0,"定慧寺，始建于东汉兴平年间，距今已有1800多年历史。原名普济寺，宋朝时称普济禅院，元代改称焦山寺，清康熙南巡来游焦山时将春改名为“定慧寺”，一直沿用。
定慧寺“定慧”二字，取于佛家“由戒生定”，因定发慧和寂照又融，定慧均等之意。“定”，即去掉一切私心杂念，思想高度集中；“慧”，即由“闻、思、修”三条途径来增长智慧。“定慧”二字是佛家修行之纲领，可见“定慧”二字颇有深意。
定慧寺规模宏大，明代为全盛时期，有殿宇98间、和尚3000人，参禅的僧侣达数万人，加上定慧寺两旁还有18个庵寺，称“十八房”，故在佛教禅寺庙中有着显赫地位。
定慧寺，是中国古代著名的古刹，曾有“十方丛林”、“历代祖庭”之称。
",8:00,17:00,,,1,,
枫桥景区,名胜古迹,907,120.5786026,31.304622,1746,75,144,25,枫桥风景名胜区是以寒山古寺、江枫古桥、铁铃古关、枫桥古镇和古运河“五古”为主要游览内容的省级风景名胜区。枫桥景区从1986年开始规划建设，被国家旅游局纳入国家旅游发展计划。经过多年的发展建设，现已成为旅游环境优美，人文景观丰富，具有江南水乡古镇风貌的风景名胜区。现开放景点有枫桥苑、枫桥铁铃关、特色旅游项目“枫桥古镇水上游”、枫桥书场等。,8:00,17:00,,,1,,
海天禅寺,名胜古迹,58,121.1539,31.48037,45,5,6,0,"海天禅寺，坐落在太仓城区东部，位于沈海高速S339/浏河/太仓出口南侧，寺名缘起“海水摇空缘，天花拂袂来，禅边风儿好，寺帝板桥开”。
海天禅寺，气势恢宏，可谓“江东一绝”，占地百余亩，内有山门殿、天皇殿、大雄宝殿、地藏阁等。",8:00,17:00,,,1,,
皇罗禅寺,名胜古迹,92,120.776705,31.47851,124,6,28,0,"皇罗禅寺位于江苏省苏州市相城区阳澄湖镇北段，埝浜村，北靠湘城，东邻阳澄湖，并有官泾江流经寺后，寺院三面环水，寺内长廊水榭，风景秀美。
",8:00,17:00,,,1,,
锦溪古镇,名胜古迹,2765,121.034461,31.082153,5477,309,996,60,"锦溪古镇地处江苏省昆山市西南，距上海浦东国际机场100公里，无锡机场75公里。
锦溪古镇是一个拥有两千多年历史的江南水乡古镇，素有“中国民间博物馆之乡”的美誉，留存诸多人文景观、古迹名胜和无数独具明、清特色的建筑。著名的景点有通神御院，陈妃水冢，莲池禅院等。锦溪古镇先后获得中国历史文化名镇、中国民间文化艺术之乡、全国环境优美乡镇、中国人居环境范例奖、全国特色景观旅游名镇、国家AAAA级旅游风景区等荣誉称号。",8:00,17:00,,,1,1,1
兰风寺,名胜古迹,34,120.4871385,31.3082708,77,0,6,0,"苏州兰风古寺又名兰风寺，位于苏州高新区马涧路1511号，在历史悠久的鹿山脚下，白马涧生态保护区旁。始建於元朝大德二年(1298年), 原名景福庵，因清乾隆年间兰风祖师住持寺院，后改名为兰风古寺， 毁于民国战乱。2001年由法航师父原址重建，现多以“兰风古寺”称之。
苏州兰风寺是古典建筑与园林结构的组合。",8:00,17:00,,,1,,
留园,名胜古迹,4111,120.624489,31.296386,7797,523,579,40,"留园，曾名“东园”、“寒碧山庄”，位于江苏省苏州市姑苏区留园路338号，南临留园路，北至半边街，东邻市汽车客运集团有限公司，西为绣花弄，于明万历二十一年（1593年）始建，其后多有荒废易主，1953年，苏州市人民政府决定修复留园，其后不断修缮整治。
留园为中国大型古典私家园林，占地面积23300平方米，代表清代风格，园以建筑艺术著称，厅堂宏敞华丽，庭院富有变化，整个园林采用不规则布局形式，使园林建筑与山、水、石相融合而呈天然之趣。利用云墙和建筑群把园林划分为中、东、北、西四个不同的景区。留园内亭馆楼榭高低参差，曲廊蜿蜒相续有七百米之多，颇有步移景换之妙。建筑物约占园总面积四分之一。建筑结构式样代表清代风格，在不大的范围内造就了众多而各有特性的建筑，处处显示了咫尺山林、小中见大的造园艺术手法。
1961年3月4日，留园被中华人民共和国国务院列入第一批全国重点文物保护单位。1997年12月，作为苏州古典园林典型例证，经联合国教科文组织批准，留园与拙政园、网师园、环秀山庄共同列入《世界遗产名录》。2007年，苏州园林（拙政园、虎丘山、留园）被评为国家AAAAA级旅游景区。",7:30,17:30,,,1,,
f直古镇,名胜古迹,3394,121.042351,31.2509224,8284,845,1041,78,"f直古镇隶属苏州市吴中区，位于苏州市东部，西距苏州城区18公里，东距上海58公里。
f直古镇是具有2500年历史的江南水乡古镇，水多，桥多，巷多，古宅多，名人多。主要的景点有保圣寺、叶圣陶纪念馆、江南文化园等。
f直古镇先后于2001年被评定为国家4A级旅游风景区、2003年被命名为中国历史文化名镇 、2004年被命名为全国环境优美镇 、2008年被命名为中国民间文化艺术之乡、2011年被命名为中国特色景观旅游名镇、2012年被列入更新的《中国世界文化遗产预备名单》",8:00,17:00,,,1,1,
木渎古镇,名胜古迹,5486,120.63869,31.244995,11314,797,1199,70,"木渎古镇，别名渎川，胥江，雅称香溪，位于江苏省东南部，苏州古城西部，地处太湖流域，是江南著名的风景名胜区，素有“吴中第一镇”、“秀绝冠江南”之誉。木渎古镇是与苏州城同龄的汉族水乡文化古镇，已有2500多年历史。2008年08月，评为国家AAAA级旅游景区，也是太湖风景区十三个景区之一。
木渎是汉族传统手工艺品之乡。历史上有泥塑名家袁遇昌、银器高手朱碧山、琢玉名家陆子冈、绣圣沈寿等名家高手，他们的作品都是国家级收藏的珍品。有严家花园、虹饮山房、古松园、灵岩山、天平山等著名文物景点。",8:00,17:00,,,1,,
南广教寺,名胜古迹,74,121.14707,31.39978,101,0,5,0,"南广寺位于今太仓南郊新丰村，始建于宋绍兴二年，距今已有800多年历史。元至正年间重修，赐额“南广寿院”，明洪武中，定名“南广教寺”。

据有关资料，在明代有“东南第一名园”之称的m山园，在王世贞死后不久就荒芜，大部分建筑木料施捐给南广教寺，盖天王殿之用。清顺治十四年，南广教寺又大修，前有进山门，天王殿，殿中供奉弥乐像，两侧为四大今刚。后为大雄宝殿，并筑有僧骨塔一座。

1993年批准重建，占地面积97亩，主要有山门殿、金刚宝殿、观音殿、地藏殿、法堂方丈楼等。",8:00,17:00,,,1,,
南浔古镇,名胜古迹,5344,120.4356,30.8485003,14070,924,1240,100,"南浔古镇位于湖州市南浔区，地处江浙两省交界处。明清时期为江南蚕丝名镇，是一个人文资源充足、中西建筑合璧的江南古镇。
南浔古镇景区占地面积34.27平方公里，古镇保护范围东界至宜园遗址东侧起，西界至永安街起，南界自嘉业堂藏书楼及小莲庄起，北界至百间楼，保护面积约168公顷，其中重点保护区面积88公顷。旅游景区共分三大区块。第一块是南浔旅游景点富集区，张石铭故居、刘氏梯号等景点分布其中。第二块是由小莲庄、嘉业堂、文园等景点组成的中心景区。第三块是以东大街以东的张静江故居和百间楼为主的东北区块。
南浔古镇素有“文化之邦”和“诗书之乡”之称，出现过许多著名人物，如民国奇人张静江，“西泠印社”发起人之一张石铭，著名诗人、散文家徐迟等。
2001年6月南浔张氏旧宅建筑群被评为第五批全国重点文物保护单位。2005年，南浔古镇获评第二批中国历史文化名镇，2015年7月被评为国家5A级旅游景区等荣誉称号，成为湖州市首个国家5A级旅游景区。
2023年1月18日，湖州南浔区召开“古镇免费游暨长三角亲子乐园”主题新闻发布会，正式宣布即日起，南浔古镇景区向全球所有游客永久免票，免费开放景区2.18平方公里的古镇街区。",8:00,17:00,,,1,,
耦园,名胜古迹,340,120.63869,31.31707,597,32,34,25,"耦园，原名涉园，位于江苏省苏州市内仓街小新巷6号，始建于清代初年。清末，因在住宅的东、西两侧各建有一园，故名“耦园”，且“耦”与“偶”相通。
耦园三面临河，一面沿街，宅园总面积约8000平方米。耦园布局以四进厅堂的宅地为中心，东西两园与住宅之间以重楼相通。分为中厅、西花厅与东花园三部分。东花园较大，占地面积约4亩，布局以山为主，以池为辅的特点。其东南角有小院三处，总称为“城曲草堂”。西园面积较小，以书斋“织帘老屋”为中心，分隔为前后两个小院，前院有湖石假山，后院有湖石花坛，园北立有藏书楼。耦园内景观“黄石假山”，修筑于城曲草堂楼厅之前。
2000年11月30日，包括耦园在内的苏州古典园林被联合国教科文组织世界遗产委员会第24届会议批准补列入《世界遗产名录》。2001年6月25日，耦园被中华人民共和国国务院公布为第五批全国重点文物保护单位。",8:00,17:00,,1,1,,
菩提禅寺,名胜古迹,157,121.151169,31.298782,234,25,30,0,菩提禅寺，将近二十年的辛劳、努力，先后完成大雄宝殿、天王殿、山门、地藏阁、观音阁、念佛堂、五观堂、居士宿舍楼、云水楼、钟鼓楼、菩提安养院、往生堂、斋堂、客堂、僧寮等众多殿宇、放生池、潮阳首个佛乐喷泉、五层万佛楼。各殿堂匾额佛联，分别为一诚、明生、心印、道生、传正、逸山等诸山长老、名家赐墨，梵宇绿瓦，雕梁画栋，飞檐翘脊，古扑典雅，到处花荣木草，内外齐整，庄严肃穆，蔚为壮观。,8:00,17:00,,,1,,
千灯古镇,名胜古迹,2957,121.092796,31.2605501,5198,312,656,65,"灯古镇位于长江三角洲，隶属江苏省昆山市，离苏州市中心35公里，距今已有2500多年的历史，是爱国学者顾炎武的故乡，又是昆曲的发源地。千灯原名“千墩”，名出吴越争霸。
千灯古镇上有七座建于明清时期的拱形环龙石桥横跨与镇中河道千灯浦之上。重要景点有顾炎武故居、顾炎武墓地、千年古塔-秦峰塔、顾坚纪念馆。
2008年，千灯古镇被评为国家AAAA级旅游景区和江苏省人居环境范例奖。",8:00,17:00,,,1,,
全福讲寺,名胜古迹,84,120.8493233,31.113777,144,5,6,0,宋元v元年(1086年)，里人周迪功郎，舍宅为寺，位于白蚬湖畔。后经历代扩建，梵宫重叠，香火旺盛，成为远近闻名的寺院。到了本世纪五十年代，殿宇改作粮库，随着周庄镇旅游业的发展，全福讲寺于1995年重建。历时不到一年，一座以水借景的寺庙园林建成了。借水布景，巧夺天工，楼阁殿宇，鳞次栉比。既有佛教文化的博大精深，又有建筑艺术的美轮美奂，园林景色，如诗如画，令游人流连忘返。,8:00,17:00,,,1,,
三峰清凉禅寺,名胜古迹,173,120.71168,31.67444,457,10,32,0,明嘉靖时遭倭寇之乱，僧众散去，寺亦日渐倾圮。万历时住持洞闻重建寂照堂，未几移主兴福寺。万历三十八年（1610），汉月法藏自无锡来此栖隐，主僧见其气宇非凡，遂延请住持三峰。汉月法藏禅律兼修，为士民所钦仰，赵承谦赵用贤父子、陆尊礼、包福民等合邑善信大力护持，倡缘劝募，增扩寺基，营建殿堂寮舍，重塑金身。自明末至清康熙间，次第建成天王殿、千华殿、大悲殿、准提阁，松演堂、禅堂、精进堂、丈室、山门，并建养生堂，荼毗窑、普同塔院，凡栖真梵修退养送葬之所毕备。汉月法藏从明高僧莲池大师受戒，后得到天童寺高僧密云圆悟和尚印证，传为法嗣。汉月法藏圆寂后，有董其昌和黄宗羲书写的塔铭。三峰禅法独特，道风大振，远近响慕，与杭州灵隐、宁波天童鼎峙，为明清时期临济一系祖庭。,8:00,17:00,,,1,,
沙溪古镇,名胜古迹,4832,121.095459,31.441385,9544,558,1176,50,沙溪镇自然风景秀丽，名胜古迹众多，文化底蕴浓厚，旅游资源丰厚。饭甑山历史悠久，别致精巧；“赣东第一洞天”黄岩洞鬼斧神工，唐武宗年间建的“黄岩寺”香火鼎盛，朝圣者济济；铅石山，山势挺拔、险峻神奇、地势险要、奇山怪石、山清水秀，极具旅游观光价值。建于明朝天启年间的青岩寺，建筑雄伟，布局精巧，形式“双狮滚珠”；东滩丛林多竹，郁郁葱葱。,8:00,17:00,,,1,1,
双塔,名胜古迹,723,120.6350403,31.30599976,1432,60,99,20,苏州双塔又称罗汉院双塔，位于江苏省苏州市凤凰街定慧寺巷的双塔院内，二塔“外貌”几乎完全一样，分为7层，东塔高33.3米，西塔略高，33.7米。双塔建于北宋太平兴国年间，是一对佛塔，两塔间相距仅20来米。像这样紧紧靠在一起的双塔全国是惟一的，因为能在这么近修建两座塔，对地基的要求相当高，显示出古代劳动人民建筑之科学精巧，智慧之高超绝伦。现苏州双塔与正殿遗迹被列为全国重点文物保护单位。,8:00,17:00,,,1,,
苏州昆山亭林园,名胜古迹,790,120.954498,31.3882908,1206,90,221,30,"亭林园位于江苏省苏州市昆山市西北隅，园中的玉峰山形似马鞍，曾名为马鞍山公园，后因纪念顾炎武（号亭林）而改名，公园占地面积为850余亩。
亭林园内有顾炎武纪念馆、昆曲博物馆、昆石馆等建筑，有昆石、琼花、并蒂莲等景观，其中昆石在2007年被昆山市人民政府列入第一批昆山市级非物质文化遗产代表作名录。
2005年，亭林园被评为国家AAAA级旅游景区。",8:00,17:00,,,1,,1
苏州灵岩山寺,名胜古迹,1652,120.50698,31.254476,2895,172,425,0,"岩山寺，位于江苏省苏州市太湖之滨，木渎古镇西北，位于有着“秀绝冠江南”之称的海拔二百二十公尺（高三百六十丈）的灵岩山麓上；始建于西晋，是一座具有1600余年历史的庄严古刹。
灵岩山寺，又名崇报寺，梁时名秀峰寺，唐代始称今名。明弘治年间寺庙遭毁，清康熙时重建；咸丰时又毁于战火，现存殿主要为印光法师于三十年代重建。灵岩山寺的中轴线上有天王殿（有实物记载庚申年重修）、大雄宝殿、念佛堂三进殿堂，东部为多宝塔、钟楼、香光厅等建筑，西部为花园。天王殿正中供奉天冠弥勒，后为持杵坐像韦驮，两旁为彩塑四大天王像。
灵岩山寺，大雄宝殿高25米，宽20米。正中供奉释迦牟尼佛像，高6米。两旁侍立迦叶和阿难两大弟子像。",8:00,17:00,,,1,,
苏州f直古镇旅游区,名胜古迹,870,120.8923073,31.2594104,1831,103,219,78,"f直古镇隶属苏州市吴中区，位于苏州市东部，西距苏州城区18公里，东距上海58公里。
f直古镇是具有2500年历史的江南水乡古镇，水多，桥多，巷多，古宅多，名人多。主要的景点有保圣寺、叶圣陶纪念馆、江南文化园等。
f直古镇先后于2001年被评定为国家4A级旅游风景区、2003年被命名为中国历史文化名镇、2004年被命名为全国环境优美镇 、2008年被命名为中国民间文化艺术之乡、2011年被命名为中国特色景观旅游名镇、2012年被列入更新的《中国世界文化遗产预备名单》",8:00,17:00,,,1,,
苏州市狮子林,名胜古迹,5651,120.729004,31.308574,13322,630,800,30,"狮子林始建于元代至正二年（1342年），是中国古典私家园林建筑的代表之一。属于苏州四大名园之一。狮子林同时又是世界文化遗产、全国重点文物保护单位、国家AAAA级旅游景区。
狮子林位于苏州城内东北部。因园内石峰林立，多状似狮子，故名“狮子林”。狮子林平面呈长方形，面积约15亩，林内的湖石假山多且精美，建筑分布错落有致，主要建筑有燕誉堂、见山楼、飞瀑亭、问梅阁等。
由于林园几经兴衰变化，寺、园、宅分而又合，传统造园手法与佛教思想相互融合，以及近代贝氏家族把西洋造园手法和家祠引入园中，使其成为融禅宗之理、园林之乐于一体的寺庙园林。",7:30,17:30,,,1,,
苏州吴江市静思园,名胜古迹,611,120.69207,31.15802,1145,65,145,50,静思园位于江苏省苏州市吴江区近郊，是有独特艺术风格的江南地区古典园林风格建筑。始建于1993年，占地一百多亩。园中建筑小巧别致，有鹤亭桥、小垂虹、静远堂、天香书屋、庞山草堂、苏门砖雕和盆景园、历代科学家碑廊、咏石诗廊等景点。静思园中最不可错过的便是石头，园中汇集各种精品名石。,8:00,17:00,,,1,,
苏州拙政园,名胜古迹,15999,121.133682,31.141228,36821,2140,4194,70,"拙政园（Humble Administrator’s Garden），位于江苏省苏州市姑苏区东北街178号。明正德八年（1513年），解官回乡的御史王献臣，以大弘寺基建造宅园，取西晋潘岳《闲居赋》“筑室种树……此亦拙者之为政也”之意题名拙政园。后屡易其主，并几度入官，迭经兴衰分合。1860年至1863年曾属太平天国忠王府。1951年整修。
拙政园占地面积78亩（52000平方米），全园分东、中、西三部分。另有住宅部分现为园林博物馆展厅。东部明快开朗，以平冈远山、松林草坪、竹坞曲水为主。中部为拙政园精华所在，池水面积占1/3，以水为主，池广树茂，景色自然，临水布置了形体不一、高低错落的建筑，主次分明。西部水池呈曲尺形，其特点为台馆分峙，回廊起伏，水波倒影，别有情趣，装饰华丽精美，主体建筑为靠近住宅一侧的卅六鸳鸯馆。拙政园的整个环境虽由人做，自然生态的野趣却十分突出，尚保留着明代建园之初的风范，被认为是江南古典园林的代表作和中国园林艺术的珍贵遗产。
1961年，拙政园被中华人民共和国国务院公布为第一批全国重点文物保护单位。1997年12月，作为苏州古典园林典型例证，经联合国教科文组织批准，拙政园与留园、网师园、环秀山庄共同列入《世界遗产名录》。2007年，苏州园林（拙政园－留园－虎丘）被评为国家AAAAA级旅游景区。",7:30,17:30,,1,1,,
太仓市双风古寺,名胜古迹,64,121.036294,31.519062,82,1,29,0,双凤纪念园毗靠千年古寺---双凤寺。晨钟暮鼓，佛光普照，自明代起就有“双凤福地”的美誉。周边为国家级旅游区双凤羊肉一条街、金仓湖风景区，聚天地之灵气，风景秀丽，环境安静而祥和，园内小桥流水，绿草茵茵。“五彩池”内锦鲫畅游，生机昂然，林荫步道纵横期间。“诸佛菩萨”、，“二十四孝”石雕故事分布园区，人文气息浓厚，更环抱千年古寺“双凤寺”以及“太仓市革命烈士陵园”，是一处美丽的人性化纪念园。,8:00,17:00,,,1,,
同觉寺,名胜古迹,170,121.20322,31.59218,277,17,78,0,太仓市同觉寺，始建于明朝永乐年间，距今已有近六百多年历史。传说当年建文帝曾避难至此，并栽植银杏树一棵（现存同觉寺公园），“同觉寺”的寺名也是建文帝根据其祖父朱元璋出家的“皇觉寺”而命名，因为明太祖由僧人的身份成就帝业，而建文帝也暗含了希望从僧人身份恢复帝业。,8:00,17:00,,,1,,
同里古镇,名胜古迹,14345,120.847061,30.868898,31358,2513,4137,100,"同里旧称“富土”，历史可上溯至六千年前的“崧泽文化”时期，建镇于宋代，文化积淀深厚，素为钟灵毓秀、人文荟萃之地。同里现存全国重点文物保护单位3处、省级文物保护单位3处、市级文物保护单位16处。同里古镇作为拥有两项世界文化遗产的江南水乡古镇，“苏州古典园林”的经典之作退思园以及流经同里的“京杭大运河”，被誉为“江南六大古镇”之一，旅游资源得天独厚，服务接待健全完善，是知名的国家AAAAA级景区。
千年古镇、世界同里，作为同里旅游的名片，古镇始终是海内外游客热捧的游览胜地，但同里的美远不止于古镇。 有位于同里镇东北部，总面积972.18公顷，湿地面积830.33公顷，湿地覆盖率高达85.41%。，号称同里之肾、生物天堂的同里国家湿地公园，园内森林面积4000亩左右，是融森林景观、田园景观、水网景观、自然景观为一体的湿地森林公园，2020年被国家林草局授予国家级湿地公园。目前是全国23个重点建设的国家湿地公园之一，也是长三角生态绿色一体化发展示范区内唯一的国家级湿地公园。有位于同里镇最北端的同里科技农业示范园，是国家现代农业示范园，规划总面积15000亩，号称同里油菜花天堂的同里镇北联村。同里镇北联村于2019年入选中国美丽休闲乡村。 近年来，同里先后获得中国十大历史文化名镇、中国十大魅力名镇、全国美丽宜居小镇等荣誉。",8:00,17:00,,,1,,
西园寺,名胜古迹,1223,120.591674,31.310688,2271,143,289,20,苏州西园寺坐落在江苏省苏州城西阊门外，创建于元代至元年间，距今已有700年历史。自1980年起，当地政府对这座江南名刹进行过3次维修。其布局严谨，有四大天王殿、大雄宝殿、五百罗汉堂、观音殿和藏经楼等建筑。大雄宝殿面阔五间，进深七间，前带露台，重檐歇山顶，气魄雄伟。大殿西侧的五百罗汉堂，为西园寺最独特建筑，规模宏大，三进四十八间，以四大名山塑座为中心，沿四壁排列着泥塑全身的五百罗汉像，神态各异，造型生动，构成一组高超完整的塑像群。罗汉堂第一进供有观音化身八十四尊大悲咒像和四面千手观音像。,8:00,17:00,,,1,,
兴福禅寺,名胜古迹,1007,120.73065,31.665588,1971,112,233,0,福禅寺位于江苏省常熟市虞山北麓，1983年被国务院公布为全国重点寺院。本寺创自南齐，至今已有千五百余年历史。初名“大慈寺”，梁大同三年(537)改名兴福寺。相传唐贞观年间，有黑白二龙交勇，冲迸成溪，遂成破涧，故又名“破山寺”。唐懿宗咸通九年(868)，敕赐破山兴福寺额，由是或称兴福寺，或称破山寺，或称破山兴福寺。,8:00,17:00,,,1,,
怡园,名胜古迹,246,120.87184,31.307659,419,32,45,20,怡园，苏州的古典园林，位于市区人民路原43号（现1265号），现有面积6270平方米。怡园为清光绪年间所建，园分东、西两部分，园西旧为祠堂，园南可通住宅。因建园较晚，吸收了诸园所长，如复廊、鸳鸯厅、假山、石舫等。1963年被列为苏州市文物保护单位，1982年被列为江苏省文物保护单位。,8:00,17:00,,,1,,
艺圃,名胜古迹,261,120.6093292,31.312871,516,48,101,20,"艺圃，又名醉颖堂、药圃，位于中国江苏省苏州市阊门内天库前文衙弄5号，始建于明朝嘉靖年间（1541年）。
艺圃总占地面积约为3300平方米，住宅占了大半，园林面积约1300平方米。艺圃前为住宅区。宅西为园林，面积为3000余平方米。住宅区前后厅之间均有院落，以砖雕门楼贯通。艺圃保存了明代园林的风格、布局和造园手法，以简练疏朗、自然质朴取胜，构筑精巧，园景幽致，可称明代住宅园林中的佳作，且为文震孟等名人故居所在，故具有较高的历史价值和艺术价值。
2006年5月25日，艺圃被中华人民共和国国务院公布为第六批全国重点文物保护单位。",8:00,17:00,,,1,,
云泉寺,名胜古迹,86,120.460785,31.3595939,187,15,50,0,"云泉寺原名云泉庵，开创于宋代，至今已有千年历史。当时的开山僧人法号叫珍护，人称珍护法师。云泉寺在明代，发展到了一个新的兴盛期。当时的吴中文人慕名前来，络绎不绝。有著名的文豪吴宽、沈周、王a登等等，游玩之余，他们都留下了珍贵的诗篇。
其中最值得我们珍视的是明代成化年间吴宽、李应祯、张渊、史鉴等四人游阳山云泉庵观大石写的联句。一共41韵，82句410字。这首长诗取名为《游阳山云泉庵观大石联句》。
吴宽等四人的大石联句，在吴中文化史上有很高的地位，史书上称它为“我明兰亭”。意思是说，        大石联句称得上我们苏州地区明代的兰亭序。也就是说，它可以和东晋王羲之在浙江山阴写的兰亭序比美。
云泉寺目前开设有素斋馆和供香客居士住宿的云居。如果游客想在这里清修小住，那么，云泉寺可作为理想的首选之地。
",8:00,17:00,,,1,,
震泽古镇,名胜古迹,598,120.5124893,30.895373,1272,93,163,60,震泽古镇位于江苏省苏州市吴江区西南部，与浙江省毗邻，古称“吴头越尾”，是吴江的“西大门”。318国道和沪湖高速公路穿越震泽古镇北，处于大运河支流-塘河， [1]水路交通便利。震泽古镇是一个拥有二千多年历史的江南名镇，也是中国著名的蚕丝之乡，主要景点有师俭堂、慈云寺塔、王锡阐墓等，为国家AAAA级景区，2001年已列入国家级省重点保护古迹。,8:00,17:00,,,1,1,
重元寺,名胜古迹,712,120.8158875,31.35894,1167,91,164,0,"重元寺始建于南北朝梁武帝时期天监二年（公元503年），与同时代兴建的寒山寺仅隔一年，已经有1504年的历史了。
史上重元寺作为禅宗的佛教场所，香火极盛。重建后的重元寺，地处风景秀丽的阳澄湖半岛之中，最大的特色要属水上观音院内高达33米的观音圣像了，是体现重元寺莲花佛国、观音道场独特风貌的一处景观。
寺庙的建筑有山门、天王殿、钟鼓楼、大雄宝殿等。大雄宝殿建筑面积达2100平方米，是国内寺庙中最大的单体建筑。寺庙前的观音岛上供奉着目前中国室内最大的高33米的观音主像。
阳澄湖上远眺重元寺，雄伟的大雄宝殿气势恢弘，飞檐翘角的观音阁伟岸壮观，加上寺院层层推进的主体建筑和堪称海内巨制的观音像、铜腔皮革鼓、海岛观音壁以及能发出唐朝第一律第一声的铜钟等等，再现了当年重元寺的风采。",8:00,17:00,,,1,,
寒山寺,名胜古迹,9497,120.567848,31.31056,18712,1130,1702,20,"寒山寺位于苏州市姑苏区，始建于南朝萧梁代天监年间（公元502～519年），初名“妙利普明塔院”。寒山寺占地面积约1.3万平方米，建筑面积三千四百余平方米。
寒山寺属于禅宗中的临济宗。唐代贞观年间，当时的名僧寒山、希迁两位高僧创建寒山寺。1000多年内寒山寺先后5次遭到火毁（一说是7次），最后一次重建是清代光绪年间。历史上寒山寺曾是中国十大名寺之一，寺内古迹甚多，有张继诗的石刻碑文，寒山、拾得的石刻像，文徵明、唐寅所书碑文残片等。位于苏州市，是一座历史悠久的佛教寺庙，以其古老的建筑和庄严的佛像闻名。",8:00,17:00,,,1,,
灵岩寺,名胜古迹,56,120.50395,31.25992,85,1,3,0,"灵岩寺，位于江苏省苏州市西南郊十五公里的木渎镇灵岩山，山上原为吴王馆娃宫旧址，原名“秀峰寺”，宋改“显亲崇报禅院”，唐朝称“灵岩寺”，成了净土宗著名道场之一。东晋末陆沅舍宅为寺，梁天监年间（五○二至五一九年）重建寺，并增建佛塔一座。
灵岩寺，原有建筑除塔以外已不存在，现有建筑都为清末和民国时重建或增建。",8:00,17:00,,,1,,
罗汉寺,名胜古迹,16,120.29483,31.10057,4,0,3,0,"罗汉寺，位于苏州秉场村罗汉坞，地处幽谷，始建于五代后晋天福二年（937），明洪武初归并上方寺，明永乐年间僧悟修重修，不久寺废，明天启二年觉空禅师来居，寺始兴，至清乾隆三十二年（1768）寺得重建成，有《重兴古罗汉寺碑记》。
罗汉寺，清末后渐废，解放后沦为仓库，1984年由吴县园林管理处重建大殿（明湾清乾隆民居拆迁），增建可乐堂、山门，并有专人负责看管，对游人开放。
罗汉寺，相传吴王曾驻兵于此，故地名“兵场”，后误写作“秉场”。罗汉坞以寺而名，峰峦叠翠，果木森森，蔚然成海。寺前溪旁新建有石雕牌坊一座，额枋里刻民国18年（1929）李根源隶书“古罗汉寺”，对联“古树径通幽，梵音风作韵”由沈炳春撰写。",8:00,17:00,,,1,,
紫金庵,名胜古迹,62,120.3853993,31.06426386,115,6,4,0,"紫金庵罗汉塑像造型十分准确，形体比例适度，姿态生动，容貌各异。有的在凝想，有的在假寐，有的在讪笑，有的在愁思，各种姿态雕塑得惟妙惟肖，栩栩如生。“长眉”罗汉慈颜善目，满脸福相；“评酒”罗汉遍尝杜康，一副醉态；“伏虎”罗汉虽者态龙钟，然而却法力无边，只用手向老虎一招，那斑烂猛虎，竟如温柔小猫驯服在他的脚下舔袍角；而“抱膝”罗汉则傲气横溢，认为降伏一虎，只不过雕虫小技。右壁那3尊罗汉目光不约而同地注视柱头的蛟龙，只见“降龙”罗汉大眼圆睁，嘴唇紧闭，双脚脱鞋，放在座上，右手手掌向上，在做“请”蛟龙下来的姿势，左手则放在屈起的左膝上，神情威严自若，信心十足；一旁的“钦佩”罗汉，眼睛望着蛟龙，双手一摊，嘴一抿，对于“降龙”罗汉的法术不胜佩服之至；而“藐视”罗汉一旁翘着二郎腿，转过头去，一副不屑一顾的神情，但他那凹陷的眼睛却在窥视着柱头的蛟龙，看它是否真会被降伏，那心口异态的样子被表现得淋漓尽致。“听经”罗汉最为虔诚，他正专注一境听佛说法，而下彼此争斗生气。“沉思”罗汉别出神韵，他低垂着双目，凝视着下前方，似乎在思索着一个什么问题，想求得答案，这种深思沉想，专注探求的精神令人感佩。雕塑者虽然塑的是佛国罗汉，但充满世态人情，俨然生活在世上人间。罗汉的服装层次分明，衣褶流转自然，表现出质感。800多年前的工匠将写实与传神巧妙地结合在一起，显示了12世纪中国雕塑艺术的高超水准。
殿后是用楠木建成的净因堂，堂前金桂生花，玉兰飘香，堂外松竹苍苍，桃李争妍，确如清诗人顾超云：“山中幽绝处，当以此居先。绿竹深无暑，清池小有天”。",8:00,17:00,,,1,,1
独墅湖,山水景观,26,120.720405,31.275032,53,5,2,0,"独墅湖位于苏州工业园区，金鸡湖南，尹山湖东北，面积大约11.52平方公里，因宋朝时期的一次大地震而形成。独墅湖又名渎墅湖、渎树湖，属中小型湖泊，是《江苏省湖泊保护名录》中的湖泊之一，位于苏州市工业园区西南部，与吴中区交界，北通金鸡湖与娄江相连，南经斜港接通吴淞江。
独墅湖景色秀丽，湖水清澈，是苏州地区较大的淡水湖之一，比金鸡湖大一倍。独墅湖隧道从湖底穿过，将湖东与湖西串联起来。",8:00,17:00,,1,,,1
沙家浜,山水景观,31,120.800713,31.634811,42,3,9,60,"沙家浜芦苇荡风景区位于明媚秀丽的江苏省常熟市阳澄湖畔，交通便捷，北离常熟市区10余公里，南达沪宁高速苏州、无锡互通40和50公里，东接常昆线至上海85公里，2003年建成的苏嘉杭高速公路在境内互通，205省道复线和锡太路与之相接，是长三角高速公路网的重要节点。
沙家浜芦苇荡风景区是全国爱国主义教育示范基地、全国百家红色旅游经典景区、国家5A级旅游区、华东地区最大的生态湿地之一，一区占地1000多亩，景区占地6000多亩，拥有独特的历史人文和自然生态资源，已形成了革命传统教育区、红石民俗文化村、国防教育园、军事训练基地、芦苇水陆迷宫、横泾老街影视基地、沙家浜湿地公园、横泾剧场、美食购物区等功能区域。 2017年12月，被评选为全国中小学生研学实践教育基地。",8:00,17:00,,,1,,1
太湖,山水景观,769,120.3202,31.26359,1575,71,129,0,"太湖风景名胜区位于长江三角洲中部，是以太湖、沿湖山丘、岛屿的山水景观为特色，具有悠久文化历史的天然湖泊风景区。
太湖风景名胜区规划总面积3091平方公里，其中景区888平方公里（含太湖水面529平方公里），外围保护地带2203平方公里（含太湖水面1931平方公里）。
太湖风景名胜区的包含的区域分别为苏州市的木渎、石湖、光福、东山、西山、f直、同里景区；无锡市的梅梁湖、蠡湖、锡惠、马山景区；常熟市的虞山景区；宜兴市的阳羡景区等13个景区和无锡市的泰伯庙、泰伯墓2个独立景点组成。所辖范围涉及2市3县市的35个镇或街道。",8:00,17:00,1,1,,1,1
阳澄湖,山水景观,1710,120.937309,31.416151,4227,266,376,0,"阳澄湖又名阳城湖。在江苏省南部，苏州城东北五公里，跨相城区和昆山市。阳澄湖畔，东依上海，西临苏州，京沪铁路、沪宁高速公路312国道皆傍区而过，与上海虹桥国际机场相距仅半小时车程。它拥有岸线166千米，岸线蜿蜒曲折，富有诗意。南北长17千米，东西最大宽度8千米，面积117平方千米，蓄水量3.7亿立方米。阳澄湖总水面18万亩，太湖下游湖群之一，系古太湖的残留。
湖中纵列沙埂2条，将阳澄湖分为东、中、西3湖。东湖最大，水深1.7-2.5米；中湖和西湖，水深1.5-3.0米。
西纳元和塘来水，东出戚浦塘、杨林塘和济河注入长江，南出娄江与吴淞江、澄湖、淀泖湖群等相通。因此，独特的水域环境、地理位置以及水生环境，造就了阳澄湖大闸蟹有别于其他湖区大闸蟹的特质。
阳澄湖水产资源十分丰富，阳澄湖盛产七十种淡水产品，白鱼、鲢鱼、清水虾、大闸蟹为湖中六宝，其中素有蟹中之王美称的阳澄湖清水大闸蟹更是驰名中外。",8:00,17:00,1,,,1,1
天池山,山水景观,218,120.46408,31.29358,407,8,123,0,"池山上石室，是苏州西部低山丘陵所有石室中保存最为完整的。天池山北竹坞有明文震孟墓，1957年列为江苏省文物保护单位。有市级文物保护单位清冯桂芬墓和明代南京右都御史毛墓。宋张廷杰曾隐居此地，营墓立宅，改名就隐山。山南石壁镌刻明赵h光书书“华山鸟道”四个大字，鸟道下为始建于晋代的华山翠岩寺。
天池山中多泉，寺前有清心泉，寒枯泉，寺旁山上有直径半米多的圆形山泉名“钵盂泉”，还有水声如捣的“地雷泉”，掬手可盈的“盈盈泉”及“天池第一泉”。",8:00,17:00,1,1,,,1
天平山,山水景观,714,120.50295,31.28379,1502,40,205,20,"天平山风景名胜区位于江苏省苏州市吴中区灵天路。海拔221米，山势高峻，因山顶平正故名。
天平山山势峭峻奇险，古称白云山，又名赐山，系北宋名臣范仲淹先祖归葬之地。景区占地近百顷，向以“红枫、奇石、清泉”三绝著称，有万笏朝天、高义叠翠等十八胜景。
2013年4月25日，天平山风景名胜区被评为AAAA级景区。",8:00,17:00,,1,,,1
旺山,山水景观,327,120.610115,31.198538,445,23,73,0,"旺山景区，地理位置优越,拥有得天独厚的生态环境、丰富的自然资源和悠久的历史人文景观。旺山景区是省内首个全国农业旅游示范点，现为国家AAAAA级旅游景区。",8:00,17:00,1,,,,1
西山,山水景观,116,120.299102,31.061996,264,1,36,0,"苏州西山景区，是西洞庭山的简称，南北宽11公里，东西长15公里，面积79.8平方公里，系太湖第一大岛。西山景区是太湖风景名胜区的精华。
苏州西山景区，以群岛风光、花果丛林、吴越以来的古迹见长，以浏览、度假为主的湖岛区。它拥有湖中群岛、湖湾山水、山中坞谷、山顶峰峦四个风景层次。全区规划建设缥缈云场、水月问茶、林屋晚烟、消夏渔歌、f里犁云、玄阳稻浪、肖山遗踪、毛公积雪、西湖夕照、石 公秋月，风凰烟雨、金铎松篁、文化巽峰、大沙观帆、罗汉古刹、鸡笼梅雪、明湾古村、f角风涛、天王鱼国、横山旭日等二十个景点。
苏州西山景区，规划面积共计609.3公顷。",8:00,17:00,1,1,,,
虞山剑门,山水景观,419,120.711266,31.664326,747,40,95,0,虞山剑门，在虞山中部最高处，高度为海拔261米，以石景著称。“绝壁云扶将堕石”，形象逼真地描绘出了悬崖凌空的剑门奇景。从南坡拾级而上，山势险峻，长约五百余米，笔直如鞭，古称“霸王鞭”。山道崎 剑门岖，既陡又狭，足下深谷幽险，举目怪石凌空，使人有蜀道难之感。,8:00,17:00,,1,,1,
虎丘山风景区,山水景观,6245,120.6001784,31.327346,11777,731,1189,70,"虎丘山风景名胜区，位于江苏省苏州市姑苏区虎丘山门内8号，在苏州古城西北3.5千米，海拔34.3米，景区面积72.8公顷，核心景区面积15.97公顷，有2500多年的悠久历史。
虎丘又称海涌山，东晋司徒王与弟司空王珉于剑池两侧建别墅，后舍宅为寺，名虎丘寺，寺宇沿山而筑，“寺中藏山”为其一大特色。虎丘后山有“虎丘后山胜前山”之说，现存青石小桥、石牌坊、湖石假山。
虎丘山风景名胜区先后被评为全国首批十佳文明风景旅游区示范点，全国文明单位。1996年，被省政府批准为省级风景名胜区。2007年，虎丘山在内的苏州园林被命名为国家AAAAA级旅游景区。2014年，虎丘景区云岩寺塔作为大运河的组成部分列入《世界遗产名录》。",8:00,17:00,,,1,,
金鸡湖,山水景观,10162,120.773658,31.140913,18868,2421,2412,0,"金鸡湖景区位于江苏省苏州市苏州工业园区金鸡湖商务区，景区总面积11.5平方千米，其中水域面积7.4平方千米，属于开放式的国家5A级旅游景区。
金鸡湖景区的苏州文化艺术中心是金鸡奖的永久评奖基地。金鸡湖景区拥有“苏州中心”“东方之门”“音乐喷泉”“文化艺术中心”“月光码头”“诚品书店”“圆融天幕”“国金中心”“望湖角”“李公堤”十大景观景点。拥有金鸡湖国际半程马拉松、金鸡湖龙舟赛、金鸡湖帆船赛、中意文化交流节、金鸡湖桃花节、金鸡湖双年展等固定节庆活动。是中国国家商务旅游示范区“苏州工业园区”的集中展示区和核心区。
2012年7月2日，金鸡湖景区被中华人民共和国文化和旅游部公布为国家5A级旅游景区。",8:00,17:00,,1,,,1
穹窿山风景区,山水景观,1562,120.443649,31.18611,2945,149,285,40,"2013年1月，苏州市吴中太湖旅游区荣膺国家AAAAA级景区。原4A级景区穹窿山成为5A级太湖旅游区的重要景区。
穹窿山景区拥有丰富的自然资源，拾阶而上，步移景易，或苍松翠竹，或泉水潺潺，环境极为清幽静谧。612亩的省级自然保护区――茅蓬坞是一座天然的植物博物馆，拥有牛鼻栓、短穗竹、紫楠等名贵树种以及穹术、三七、党参、灵芝、何首乌等药用植物，已探明的药用植物就有151种。穹隆山景区还是苏州地区最大的“天然森林氧吧”，林间氧气充足，空气中负离子含量每立方米达2万个，是一般空间负离子含量的400至500倍。
穹窿山景区历史悠长，集政治、军事、宗教、文化于一山，丰富的人文景观是其又一资源优势。古代大军事家孙子隐居在此，并写出了中国历史第一部兵书《孙子兵法》十三篇。清帝乾隆六次临山，留下无数鲜为人知的趣闻轶事；西汉大臣朱买臣，曾在此砍柴、读书；抗金名将韩世忠与部下更相聚于此观景赏月。",8:00,17:00,,,1,,
上方山国家森林公园,山水景观,2018,120.5903151,31.2356922,3738,184,382,20,"江苏上方山国家森林公园位于江苏省苏州市吴中区横塘镇，在苏州市区西南侧，是集生态、游览、休闲、科普等为一体的景区，规划面积500公顷。
江苏上方山国家森林公园地处横山主峰七子山的东北支脉，海拔92.6米，属亚热带季风海洋性气候区，森林覆盖率达95%以上，有植物124科205属465种，有楞伽塔、拜郊台、乾隆御道、治平寺、石湖草堂、石佛寺、范成大祠、越公井等20余处景点。
1992年7月，苏州上方山经原国家林业部批准为国家级森林公园。",8:00,17:00,,1,,,1
石湖景区,山水景观,800,120.617821,31.226817,1621,69,169,0,"石湖属于太湖支流，居上方山东麓，太湖之滨，位于江苏省苏州古城西南5000米、太湖以东5000米处，跨苏州虎丘区、吴中区两行政区。
石湖南北长4500米，东西宽2000米，水域面积256万平方米，分为东石湖、西石湖和南石湖三个湖面，共有吴堤、越堤、石堤、杨堤和范堤5堤横卧于水面之上。
石湖是一个以吴越遗迹和田园风光见称的风景区，为太湖国家级风景名胜区的组成部分，宋代诗人范成大晚年定居于此，拥有渔庄、天镜阁、行春桥、石湖串月等景观景物。
2013年，石湖被国家旅游局评为国家AAAA级景区。",8:00,17:00,,1,1,,1
旺山生态园,山水景观,820,120.568788,31.1952638,1281,60,179,0,旺山生态园位于苏州城区西南8公里处，处于天然山林环抱之中，是一处山林植被、农业生态、田园村落、历史古迹保存良好的田园梦乡。生态园包括钱家坞“农家乐”、耕岛、茶园采撷以及登高览胜等项目。钱家坞“农家乐”主题区则以农家特色的餐饮和住宿服务为主，景区内还有大量果园、菜地，游客在这里既能品尝到无公害绿色食品，又能亲自采摘，体验淳朴自然的农作生活。以江南耕岛的坊间生产劳作为趣味体验的耕岛主题区内有传统水车、风车阵、瓜果长廊、农耕小屋以及鱼趣参与区、拓展训练场、宠物会所等，游客可以和溪水来次亲密接触，挽起裤腿在溪水里捞鱼、摸虾、抓泥鳅等等，也可以静坐一旁，感受独钓的乐趣。在登高览胜主题区内，尧峰山历来是登高望远的好地方，这里空气清新，绿阴苍翠，沿途历史文化氛围浓郁，正在恢复修缮中的龙王池、龙洞、宝华寺等一系列文化主题将整个尧峰山串连起来，让游客在观光赏景的同时，也可以静静聆听历史的声音。,8:00,17:00,,1,,,1
东方之门,商业街,4267,120.740555,31.243271,9235,436,1058,0,"东方之门（The Gate of the Orient），位于江苏省苏州市工业园区星港街199号，地处苏州工业园区CBD轴线的东端，东临星港街及金鸡湖，西面为园区管委会大楼及世纪金融大厦，南面为小河，北侧为城市绿带和城市道路。
东方之门总基地面积为24319平方米，总建筑面积（包括地下部分）为453141.79平方米。其中，地上建筑面积336680.71平方米，地下建筑面积为116461.08平方米。
东方之门获“中国结构最复杂的超高层建筑”；“中国最高无边际泳池”；“中国最高的过街天河”；“中国最高的空中苏式园林”；“第十八届中国土木工程詹天佑奖”等荣誉。",8:00,22:00,,,,1,1
方塔东街步行街,商业街,1638,120.760528,31.6417,3334,186,292,0,方塔东街是常熟第一条按照国际一流水准建设的现代化商业步行街，全长660米，平均宽24米。步行街于2002年6月底开工建设，于2003年9月底全面竣工。经过改造的商业街运用点、线、面多层设计方式，体现出“添观光景点、作休闲文章、促购物消费”的设计原则。整街景观体系分为“五点三段”：世纪大门、池畔逐凉、七溪入海、水上舞台、璀璨世界等五个景观点分布均匀，三段景观通廊在街道的铺装、灯光、小品、种植设计上各有特色，与建筑立面构成连续的景观界面。在绿化景观的营造上，通过种植常绿树种和落叶树种相结合，达到四季有花、四季有景的效果。,8:00,22:00,,,1,1,1
观前街,商业街,17259,120.629021,31.311489,41128,2055,4303,0,"观前街（Guanqian Street），位于江苏省苏州市姑苏区，东起临顿路（醋坊桥），西至人民路（察院场），主街全长780米，因古观玄妙观而得名。
观前街运用“儒道互补”的原理，以玄妙观为核心，同时在与北局广场相对应处的宫巷东侧，增设一摊贩市场 配合玄妙观广场，形成三点式对称布局。观前街的建筑体量小，形成低矮的建筑轮廓线，建筑色彩以黑、白、灰为主。观前街主街分布着购物商场和老字号商店，餐饮业主要集中在太监弄一带，娱乐休闲场所主要集中在乔司空巷一带。
2018年8月，观前街入选江苏省首批老字号集聚街区。",8:00,22:00,,,1,1,1
李公堤,山水景观,3074,120.822853,31.270401,6685,253,930,0,李公堤是苏州市金鸡湖中唯一的湖中长堤，全长1400米，系光绪年间元和县令李超琼所建。李公堤整体典雅精致，当年商贾云集的盛景，从堤上古碑文中仍可略窥一二。李公堤所在之环金鸡湖景观工程由全球最具领导地位的景观设计与区域规划顾问之一――美国泛亚易道公司进行世界级标准的景观设计。现已成为国内混合型亲水社区的成功典范，形成巨大规模的开放型现代城市生态公园。,8:00,22:00,,1,,1,
绿宝广场,商业街,4087,120.548363,31.300982,7898,247,969,0,绿宝广场（The Emerald City）位于苏州市高新区长江路436号，项目总建筑面积约46万方，营业面积约30万方，分3期开发，目前已成功开发出两期，影响力众所瞩目，已成为苏州新区地标性建筑。地处狮山核心商圈，周围交通便捷，覆盖多条轨道交通和公交线路，现已与苏州轨道交通3号线何山站无缝对接，坐享“轨交商业”新势力。,8:00,22:00,,,,1,1
美罗,商业街,102,120.54567,31.284845,269,1,20,0,苏州美罗商城，即苏州美罗百货高新区购物中心有限公司， 所属的集团为苏州函数集团有限责任公司，该集团公司于 2003 年成立，是由苏州五交集团公司转制成立的民营商贸集团。美罗商城是其旗舰物业，另有金函商务会馆、进出口分公司、古玩公司、拍卖公司、典当行、江苏保险代理公司等十余家多元化经营的控股子公司。位于观前街245号的美罗商城已成为苏州引领时尚潮流的一个缩影。,8:00,22:00,,,,1,1
山塘老街,商业街,1420,120.607978,31.29018,3257,180,490,0,"山塘街自建成以来，便以其秀丽的水乡风光成为旅游胜地。整个街道呈河路并行的格局，建筑精致典雅、粉墙黛瓦、体量协调疏朗有致，是苏州古城风貌精华之所在。人家前门临街后门临河，踏步与水相接两岸民居鳞次栉比，夹河相望，堪称“水路并行、河街相邻”的苏州“水巷”。石桥垂柳、红槛碧树、画舫绿波，历代文人墨客无不在此流连忘返,纷纷写下赞美的诗句。如宋代诗人范成大就写道:“柳暗阁门逗晓开，半塘塘下越溪回。炊烟拥柁船船过,芳草缘堤步步来。",8:00,22:00,,,1,1,
十全街,商业街,2148,120.721031,31.26556,6413,249,895,0,"十全街景位于苏州名园沧浪亭北首，东起葑门安利桥堍、西至人民路三元坊口，全长1800米。宋时因有十口井而名“十泉”，至清为纪念乾隆帝易名为“十全”，历经千年风雨沧桑，至今依然保留着""水陆平行、河街相邻、两路一河""的传统格局和水乡情调。这里到处铭刻着古老历史痕迹和漫长岁月的印记：古树名木有十多株，网师园、沧浪亭、南园、织造府等名胜古迹，李根源、冯梦龙、叶圣陶等名人故居，再加上乌鹊桥、带城桥、砖桥、帝师桥等14座古色古香的小桥，十全街显现出极为丰富的历史文化底蕴。1992年，十全街作为古城保护重点工程实施全面改造，历时五年，展现了粉墙黛瓦、古朴幽雅、临街枕河、倒影如画的古城新格局。在这条街上分布着苏州饭店、南园宾馆、南林饭店等一批星级涉外旅游饭店，沈德龙的古吴绣皇、秦汉堂等一批工艺美术店，钱塘茶人、紫滕庐等休闲茶酒吧，形成为集丝绸绣品、古玩字画、文房四宝、民间工艺、风味小吃于一体的特色。游人徜徉于此，听评弹，看古吴今韵，深深领略街坊改造第一节的绰约风姿。如今，十全街已成为姑苏城内独领风骚的休闲文化街。举步十全街，一眼望去，错落有致，粉墙黛瓦，颇具明清风格的新楼屋后，一家家餐馆、工艺店接踵而开，各具特色，有专用鱼头煨汤的餐馆、集吴文化与餐饮一体的茶酒楼，会东西南北风味的山城火锅、日本料理、韩国料理、烧烤、广邦、淮扬佳肴等，菜系流派齐全，引得国内外游客云集；十全街上的工艺店是各展其长，有专卖苏绣艺术品、陶瓷古董、字画等的商店，紫砂、陶器、丝绸、书画、金石、碧玉、红木小件，在这里应有尽有。",8:00,22:00,,,,1,
泰华商城,商业街,2049,120.624229,31.29007,4636,169,585,0,苏州泰华商城成立于1996年，地处苏州南门商业区，紧邻古运河风景旅游点、盘门三景、沧浪亭、文庙等著名风景观光点，是古城区的标志性建筑。作为苏州市第一批股份制试点企业，开业以来，泰华商城坚持走精品与时尚相结合的特色之路，创造出一套以时尚经营为内涵的现代管理机制，经营业绩逐年递增，特别是05年以来在奠定了精品时尚地位的基础上，泰华商城又将东楼全新改版为以经营青春流行、运动、休闲服饰为主青春流行基地，取得了长足发展，成为南门地区乃至苏州市区的一颗璀璨明珠。,8:00,22:00,,,,1,
乌鹊桥,商业街,47,120.62755,31.29796,86,2,5,0,"乌鹊桥位于苏州 古城区中心，虽历经风雨，民末清初其规模在苏州古城内仍为诸 石拱桥之最。据民间传说，乌鹊桥与 玄妙观 三清殿 屋脊等高。此说法虽可能有夸大，但由此亦可知乌鹊桥 非同寻常了。该桥纯用武康石构成，雨后斜阳，明丹荧紫，甚为壮观。1934年该桥危险，当时有省立苏州图书馆馆长 蒋吟秋先生、省立苏州实验小学校长施仁夫先生等苏州名士创议重修。为适应车辆过往，拆除原石拱桥的上半部，保留其下半部，加钢筋水泥梁，改建为 平桥，桥宽5.2米，跨度5.5米，全长22米，水泥柱钢管桥栏，水泥灯柱。下段分嵌长宽70厘米，高 35厘米的 汉白玉 阴刻石碑四块，分别为 隶书桥名、修建年份；另两块楷书修桥收支款项、隶书《修桥记》等分置两侧；水泥梁侧面也有隶书桥名，所书皆蒋吟秋先生手笔。解放后，苏州市不断改造，原有街巷已不适应车辆行驶之需。和乌鹊桥北接的原 平桥直街本来仅容两顶小 轿子或两辆 黄包车相擦而过，1959年加以拓宽，1965年又将原弹石路面改为沥青，取消原街名，与北街的 五卅路合为一条街。90年代，乌鹊桥再度拓宽，将原水泥钢管栏改为现时的花岗石雕柱 护栏，两旁护栏中部各嵌原阴刻桥名青石一块，桥加宽至13米。乌鹊桥和苏州各式大小桥梁一样，装点、美化着苏州古城，已成为旅游观光的特色景点，也是""东方威尼斯""的美丽所在，呈现着水城水乡特色。",8:00,22:00,,,1,1,1
圆融星座,商业街,62,120.713783,31.316431,172,20,10,0,圆融星座经营定位为CBD国际级生态坡地都市综合体。圆融星座与圆融时代广场的久光百货区通过空中连廊相接，是集圆融购物中心、圆融写字楼、圆融国际公寓三位一体的大型都市综合体项目。空中花园、屋顶绿植、山地岩壁、瀑布露台、生态坡地、公园式景观物业，提供了独具魅力的自然生态式体验生活方式。圆融星座项目坐拥金鸡湖的繁华城市湖景，具有较高的升值潜力。,10:00,22:00,,,,1,
丰硕茶楼,休闲度假,256,121.10201,31.44115,757,20,59,0,一家以茶文化为主题的茶楼。茶楼环境古色古香，提供各类名茶和茶点，是茶文化爱好者的天堂。,10:00,22:00,,1,,1,
环秀晓筑养生度假村,休闲度假,2040,120.56047,31.1928431,5283,196,1163,0,"苏州环秀晓筑养生度假村位于南苏州吴中越溪旺山景区，得旺山山水形胜，背倚七子山，环抱画眉泉。占地规模408亩，经营面积达33000m2。
房间宽敞明亮，有超大的落地窗，视野十分开阔。客房内设有精选的香薰炉、药枕及按摩拖鞋，极具特色。
这里由养生型度假酒店（环秀晓筑度假酒店）、大型山谷室外温泉（天颐温泉）、专业马术俱乐部（世骑家马术中心）、竹海精品茶苑（挹翠轩)组成。
酒店内的餐饮以“不时不食”为核心理念，首创“24节气天然养生宴”四季有别的主打产品，并设有临湖包厢及零点厅，满足不同宴请需求。
会议中心拥有大中小多种会议室，配有先进的投影仪、多媒体音响设备、宽带互联网等服务设备，能满足各类商务聚会的需要。",全天开放,全天开放,,1,,1,
金凤凰温泉度假村,休闲度假,3415,121.162454,31.437549,8934,302,1299,0,金凤凰温泉度假村是一所按国际超五星标准设计与建造的特色大型度假村，拥有143余间现代化高标准商务客房、十余栋风格各异的高档商务休闲渡假别墅、各种大中小型商务会议中心、宴会厅、中西美食餐厅、大型温泉汤池、SPA馆、温泉养生馆、国际商务中心、户外运动休闲区、健身房、商场等主体配套设施一应俱全。,8:00,23:00,,,,1,1
书香世家树山温泉酒店,休闲度假,1067,120.46606,31.359346,2307,101,301,0,"苏州书香世家树山温泉度假酒店坐落于苏州高新区树山生态村。处于大阳山北麓，树山生态村北靠通安镇区，东邻浒墅关镇，苏 浒木公路、浒光运河贯穿全村全长3公里，与312国道，沪宁高速，沪宁铁路，京杭大运河相邻，5分钟可达苏州绕城高速，全村人口1822人，556户，分15个自然小组都是依恋山脚，有农田1050多亩已全部调整种植高科技的树山“翠冠”梨，成为观光果园，山地4700多亩，分别种植了树山杨梅2000多亩，茶树800多亩，笋用竹300多亩，有自然的食用、药用、观赏的林木。
苏州书香世家树山温泉度假酒店由国内知名品牌“书香门第”酒店连锁管理，是一座位于苏州新区大树山生态村的环境幽雅、设施齐全、服务上乘、舒心惬意的主题温泉度假酒店。酒店坐拥苏南地区第一口花岗岩裂隙型温泉井，是符合国家医疗热矿泉标准的温泉休闲度假基地，其独特雅致的院落式露天温泉和会所式温泉SPA，犹如置身世外桃源，与大自然美妙泉接触。酒店倡导“乐活天下”理念，突出温泉SPA主题。",全天开放,全天开放,,1,,1,
四季悦温泉,休闲度假,1896,120.520905,31.359369,4484,141,750,0,"苏州乐园四季悦温泉乐趣横生的水上项目与休闲舒适的温泉首次巧妙地融合到了一起――水疗池、热身池、死海浴、鱼疗浴等含多种理疗功能的舒适温泉，体现的是传统温泉的养生功能；而夏威夷风情的造浪池、国内一流的巨兽碗滑道等项目展示的则是经过创新后的独特水上乐趣。在这里，阳光透过欢快的水花折射出的不仅是七色彩虹，还有释放压力后的轻松与愉悦。
泉水采自1299米深处，pH值为6.6，出水温度为46摄氏度，水质中性温和，富含偏硅酸、钾、钠、镁、铁等多种对人体有益的微量元素。温泉水中的镁可镇静降压，钠可帮助肌肉收缩，钾能增强心脏血管功能，调节神经细胞及荷尔蒙运动。
在鸟鸣声声、山色青翠的高新区树山村，苏州乐园四季悦温泉显得相当醒目，只见一个长110米、宽80米、高25米的巨大半椭圆玻璃球体，坐落在群山环抱之中，在阳光下显得晶莹剔透，犹如水晶宫一般。",8:00,23:00,,1,,1,
苏州太湖牛仔风情度假村,休闲度假,2035,120.2666718,31.0779525,4029,262,626,0,苏州安住幸福山庄有限公司成立于2004年，2012年二期安住幸福山庄幸福温泉开发并投入使用。山庄位于苏州太湖之畔洞庭西山缥缈峰下，周边山青水秀，风景其吃、住、游乐设施齐全，拥有华东地区大型特色跑马场，幸福温泉，芬兰木屋，露天泉水泳池等；是团体活动、庆典会议、拓展培训、游乐度假及学生夏令营、冬令营、春秋游的良好活动基地；同时也是原生态蔬菜基地。17年的环保实践，有充分的资源让孩子亲近自然。,全天开放,全天开放,1,,,1,1
苏州中茵皇冠假日酒店,休闲度假,4583,120.6868,31.307186,11785,452,1503,0,苏州中茵皇冠假日酒店位于苏州工业园区静谧秀美的金鸡湖畔，整体建筑时尚现代，仿佛一座正待起航的豪华邮轮。酒店位置得天独厚，交通便捷，距苏南硕放机场直线距离约31公里，距上海虹桥机场直线距离约63公里，至古城区中心直线距离约4.5公里。酒店位于繁华商区，闹中取静，步行即可到达苏州中心、东方之门、湖滨新天地、李公堤等。388间主题客房和套房典雅精致，湖畔美景尽收眼底。客房均配备高速无线网络、液晶平板电视、迷你吧、热带雨林花洒、高级洗浴套装等，24小时客房服务让您随时享受正宗苏式美馔和特色小吃。行政楼层提供全天个性化商务及礼宾服务，皇冠假日俱乐部坐拥湖畔美景，为您的社交与商务互动提供宽敞雅致的空间。周末和节假日，室内、室外儿童乐园，儿童影院，以及电竞室对住店客人开放。您可以和孩子一起玩滑滑梯、独木桥、做游戏等。酒店处处彰显国际商务酒店风范。“皇冠假日会务总监”是皇冠假日品牌的标志性服务，配合“两小时反馈”，深入会议筹划和管理过程的各个细节，确保每一个环节都尽善尽美。酒店13间会议厅和宴会厅功能完善，是举办各种主题活动、鸡尾酒会、婚礼庆典的理想之选。健身房配备先进的运动器械，室内、室外游泳池饱览醉人的金鸡湖美景，超值的水疗服务为您带来独特的水疗体验。“圣汐”餐厅荟萃中式自助餐、西式佳肴和亚洲美馔，6间开放式厨房使大厨的精湛技艺一览无余。臻炉逸火锅，精选全球优质食材，以招牌泉水锅底还原鲜活本味，用更具现代美学的出品形式，创造赏景式用餐新体验。“鲍鱼王子”中餐厅主打正宗粤菜美馔，12间极富东方韵味的包厢为您提供私密雅致的用餐环境。茶坊“香茗舫”坐拥金鸡湖美丽景致，奉上精选中式茶和主题下午茶。大堂酒廊“马里亚纳”有特调鸡尾酒和红酒佳酿，为您的夜晚时光增添无限乐趣。,全天开放,全天开放,,1,,1,
同里湖度假村,休闲度假,1031,120.73283,31.152599,2334,71,246,0,“醇正水乡，旧时江南”是世人对中国历史文化名镇同里的美誉，同里湖度假村就坐落于同里镇的同里湖中。度假村由同里湖桥与陆地相连，距闻名中外的世界文化遗产退思园步行仅五分钟之遥。整个度假村四面环水，宾客在园内可尽享同里湖美景，一睹“烟雨景观”和“罗星听雨”之风采，度假村内绿树成荫，环境幽雅，足以用“一滴水打破宁静”来形容。,全天开放,全天开放,,1,,1,
阳山温泉度假山庄,休闲度假,1547,120.603604,31.266822,3265,173,395,0,苏州阳山温泉度假山庄是苏州高新区浒墅关经济开发区投资的一家集天然地质温泉、会议中心、餐饮中心、度假酒店、拓展基地和娱乐配套等设施于一体的温泉景点度假项目，提供包括商务会议、旅游度假、休闲娱乐、户外拓展等在内的一站式温泉度假新体验。,全天开放,全天开放,,1,,1,1
