location,lon,lat,counts,likes,ratings,rating_count,comments,感受学术氛围与文化熏陶,了解名校往事与名人光辉,探寻历史遗迹与文物故事,欣赏山水自然与亭台楼榭,最高学府打卡并美美拍照,children,leisure,time,description_academic,description_literary,description_childish
标本馆,116.3055725,39.99152297,102,0,0,0,,1,0,0,0,0,1.5,0,30,北京大学生物标本馆是中国第一个由中国学者主持建立的生物标本馆，其历史可以追溯到清朝光绪33年（1907年）。馆内收藏了丰富的动植物标本，其中包括1908年采集的秋沙鸭标本，以及大熊猫、华南虎等珍贵动物标本。植物标本室则保存了大量珍贵的植物标本，这些标本多数由钟观光等学者采集。参观者在这里不仅可以近距离观察到各种生物标本，了解生物学研究及应用，还可以通过标本馆的数字化资源，如虚拟标本馆和馆藏植物标本数据库，进行线上学习和研究。北京大学生物标本馆不仅是生物学专业教学的重要场所，也是对公众进行生物多样性保护教育的宝贵资源。,在北京大学的一角，有一座守护着自然奥秘的殿堂——生物标本馆。这里收藏着从遥远的过去到现代的生物遗产，每一件标本都讲述着生命的故事。从珍稀的大熊猫到早已消失在野外的华南虎，从繁茂的植物到微小的昆虫，每一个生命都被精心保存，展示着生物多样性的壮丽。这里不仅是学者研究的宝库，也是公众了解自然、感悟生命的窗口。,在北大的校园里，有一个神奇的地方叫做生物标本馆。这里有很多动物和植物的标本，就像是动物和植物的“照片”，但是它们是立体的，可以用手摸到的。有可爱的大熊猫，也有漂亮的蝴蝶，还有各种各样的花草树木。小朋友们可以来这里看看这些标本，了解它们的故事，也可以学习到很多关于大自然和生物的知识
赛克勒考古艺术博物馆,116.2997974,39.99413973,99,0,0,0,,1,1,0,0,0,1,0,45,"北京大学赛克勒考古与艺术博物馆位于风景秀丽的北京大学西校区，于1986年破土奠基，1993年5月27日正式开馆。博物馆展厅面积约2000平方米，收藏有丰富的文物，包括石器、铜器、甲骨、陶器、瓷器、书画、碑帖等几大类。基本陈列分为旧石器时代、新石器时代、夏商周时期、战国时期、秦汉时期、三国两晋、南北朝、隋唐时期、宋辽金元明时期九个部分，涵盖了中国考古学的主要时期。
博物馆的藏品不仅包括北京大学百年来收藏和征集的文物，还有考古专业师生在田野考古中发掘而得的成果。这些藏品为研究中国古代物质文明提供了独特的视角和丰富的资料。博物馆还积极举办各类展览，如“千年敦煌——敦煌壁画艺术精品高校巡展”、“华夏遗韵——中原古代音乐文物展”、“寻找致远舰——2015年度全国十大考古新发现”等，为公众提供了丰富的文化体验。
赛克勒博物馆不仅是一个展示考古成果和教学标本的场所，也是学生实习和研究的平台。博物馆为学生提供了实习机会，让他们参与到文物整理和研究工作中，甚至参与策展工作，培养了学生的实际操作能力和研究能力。此外，博物馆还承担着弘扬和传播中国传统文化的使命，通过各种展览和活动，让更多人了解和欣赏中国古代文明的成就。
博物馆的建立与美国收藏家阿瑟·赛克勒博士的支持密不可分。赛克勒博士不仅在博物馆的建设上提供了资金支持，还将其个人收藏的艺术品捐赠给了博物馆，极大地丰富了馆藏。博物馆的建设和发展，是中西文化交流的典范，也是北京大学考古文博学院教学和科研实力的体现。
赛克勒博物馆的建立和发展，不仅为北京大学的师生提供了宝贵的学习和研究资源，也为公众了解和学习中国考古学和艺术史提供了重要的平台。博物馆的丰富藏品和专业展览，使其成为了中国高校博物馆中的佼佼者，也是中国文化事业的重要组成部分。",赛克勒考古艺术博物馆是北京大学校园内的一处文化瑰宝，它以丰富的藏品和专业的展览，为师生及公众提供了深入了解中国古代文明的窗口。博物馆内的展品涵盖了从旧石器时代到宋辽金元明时期的各类文物，每一件展品都是历史的见证，每一场展览都是文化的传承。赛克勒博物馆不仅是学术研究的重要基地，也是文化交流的重要平台，它的建立和发展，体现了对文化遗产的尊重和对教育使命的承担。,在北大的校园里，有一个叫做赛克勒考古艺术博物馆的地方，这里有很多古老的宝贝。这些宝贝有石头做的、陶瓷做的，还有画在纸上的，它们都是很久以前的人做的。这个博物馆就像一个时间机器，带我们回到过去，看看古代的人们是怎么生活的。小朋友们可以来这里看看这些宝贝，听听它们的故事，感受一下古代的神秘和有趣。
校史馆（文创商店）,116.2998177,39.99212602,4,0,0,0,,1,1,0,0,1,1,0,30,"北京大学校史馆是展示北京大学历史的专门场所，它记录了北京大学从1898年京师大学堂成立至今的发展变迁。校史馆通过丰富的历史文献、图片、实物等展品，向参观者展示了北京大学的办学历程、学术成就、校园文化以及杰出校友等方面的内容。
校史馆的开馆时间是每周二、四、六、日的上午9:00至下午4:00，法定节假日闭馆。参观校史馆需要提前预约，尤其是团体参观。校史馆还提供志愿讲解服务，由在校学生、校友和教职工组成的讲解队伍为参观者提供讲解。
此外，北京大学还注重文化创意产品的开发，将校园文化和历史融入到各类文创产品中，如校徽徽章、文化衫、笔记本、纪念品等，这些文创产品不仅具有纪念意义，也是传播北京大学文化的重要载体。学校还会举办文创设计征集大赛，鼓励学生和校友参与设计，将北大的校园特色和文化内涵通过创意产品传递给更广泛的群体。",北京大学校史馆是校园内一处重要的文化地标，它不仅承载着学校百余年的发展历程，也是传承和弘扬北大精神的重要场所。馆内丰富的历史文献、图片和实物，生动地展现了北京大学的学术传统、教育成就和文化特色。校史馆不仅是了解北大历史的重要窗口，也是激发师生爱国情怀和学术追求的重要基地。此外，校史馆还致力于文化创意产品的开发，将北大的校园文化和历史融入到各类文创产品中，让北大的精神和文化得以更广泛地传播。,在北大的校园里，有一个叫做校史馆的地方，这里就像一个神奇的时间机器，可以带我们回到过去，看看北大很久以前的样子。校史馆里有很多古老的照片和东西，告诉我们北大是怎么慢慢长大的。而且，这里还有很多有趣的小礼物，比如印着北大标志的笔和本子，这些都是为了让更多人了解和喜欢北大。小朋友们可以来这里看看，听听北大的故事，也许还能找到自己喜欢的小礼物呢。
地质博物馆,116.3094499,39.98649777,380,4,5,1,,1,0,0,0,0,1.5,0,20,"北京大学地质博物馆是一个集科普宣传、人才培养、标本存档、科学研究和学术交流于一体的多功能现代化国家级高校地学博物馆。它起源于1909年北京大学地质学系创设之初，是中国最早的地学专业博物馆之一。博物馆由陈列馆和档案馆两部分组成，其中陈列馆部分创立于1909年，展厅面积约400平方米，收藏了北京大学地质学系90余年教学标本的精华以及来自世界各地的典型地学标本。档案馆部分则是在1996年以后由北京大学和国家教育部“211”工程支持下建立的，拥有4个标准地学标本存档室、1个科研和教学成果展示厅、1个信息处理室、4个研究工作室，总面积约2500平方米，收藏了近10万件各类典型和模式地学标本。
博物馆的展品包括古生物、矿物、岩石、构造等各学科的标本，其中不乏珍品，如三叶虫、茂名龟、水晶黄铁矿晶簇、雌黄方解石晶簇、辉锑矿晶簇、白云石晶簇及雄黄单晶晶体等。近年来，博物馆年均接待参观人数超过两万人，并不定期举行讲座及特色科普活动。
2022年9月2日，北京大学地质博物馆在燕园大厦一层门厅开展了以“地球与人类过去、现在和未来”为主题的新展览，展出了众多精品地质标本。这次展览是地质博物馆在地学楼改扩建期间，将燕园大厦一层作为临时展厅的一部分，以继续支持学校的教学科研和教学育人工作。
参观者可以通过预约的方式参观博物馆，了解更多关于地球科学的知识和北京大学地质学系的研究成果。博物馆不仅是一个科学研究和教学实践的基地，也是北京大学对外合作、交流和展示宣传的重要平台。",在这座知识的殿堂里，每一块岩石都诉说着地球的古老故事，每一颗化石都记录着生命的奥秘。这里是时间的见证者，是自然之美的收藏家。,这是一个神奇的地方，里面有很多漂亮的石头和古老的骨头。你可以想象这些石头是怎么从地里长出来的，那些骨头又是属于哪些动物的。
乾隆诗碑,116.3016927,39.99280801,259,0,0,0,,0,0,1,0,0,0,1,5,乾隆诗碑位于北京大学未名湖东畔，地理坐标为东经116.3077927，北纬39.99408515。该诗碑作于乾隆五十二年（1787年），记录了乾隆皇帝在十三、十四年（即乾隆十三年和乾隆十四年）的往事。诗碑的正面镌刻有乾隆帝御书的《种松》诗，而背面则刻有《土墙》诗。这两首诗反映了乾隆皇帝对于过去的回忆和对母亲的怀念,在北京大学的未名湖畔，静静地矗立着一座历史的丰碑——乾隆诗碑。岁月流转，碑上的诗句依旧清晰，仿佛能听见那位帝王在柳荫下低吟《种松》与《土墙》的诗篇。这些诗篇不仅是文字的堆砌，它们是历史的见证，是情感的寄托，更是文化的传承。每当轻风拂过湖面，似乎都能听见那些古老的文字在诉说着过往的辉煌,在北大的校园里，有一块很老很老的石头，叫做乾隆诗碑。这块石头上刻着很久很久以前一个皇帝写的诗。这个皇帝叫做乾隆，他写了关于种树和墙的诗。诗碑就像一个会讲故事的老爷爷，告诉我们以前的人怎么想、怎么生活。小朋友们可以去看看这块石头，听听那些古老的诗，也许还能学到一些有趣的知识呢
石雕五供,116.3020754,39.99295117,121,0,0,0,,0,0,1,0,0,0,1,5,北京大学未名湖西南岸的石雕五供是一组具有历史价值的文物，它们是晚明时期的石刻艺术作品。这组石雕包括石供桌、香炉、蜡台和宝瓶，每一件都展现了当时工匠的精湛技艺。石供桌由上枋、束腰、下枋构成，束腰上、下有莲花瓣图案，圭脚为云纹图案。香炉为双耳三足圆鼎形，上为海山，饰以青竹花纹，下有花卉图案。蜡台上雕刻有夸张的蜡烛，而宝瓶则呈现出古朴的风格。这组石雕五供不仅是陵墓的祭器，用于供奉先人，追思恩泽，而且也是对美好生活的一种祈祷和寄托。尽管部分石雕有缺损，但它们依然具有重要的文物和艺术价值。2002年，北京大学对这处景点进行了整修，贴了花岗岩，遮掩了原有的水泥混凝土基础，并在五供处铺设了仿青砖铺装，以便于游人游览观赏。关于石雕五供的来源，目前尚无确切史料可考，这为北大校园景观增添了一份神秘色彩。这些石雕五供见证了历史的变迁，也承载了丰富的文化意义，是北京大学校园内不可多得的文化遗产。,在北京大学的未名湖畔，有一组被称为石雕五供的文物，它们静静地诉说着历史的沧桑。这组石雕，包括石供桌、香炉、蜡台和宝瓶，每一件都凝聚着晚明时期工匠的智慧与匠心。石供桌上的莲花瓣与云纹图案，香炉上的海山与青竹花纹，蜡台上的夸张蜡烛，以及宝瓶的古朴风格，无不展现出古人对生活的热爱与对美的追求。这些石雕不仅是历史的见证，更是文化的传承，它们在岁月的长河中，静静地守望着这片知识的沃土,在北大的校园里，有一组很古老的石头，叫做石雕五供。这些石头包括一个桌子、一个香炉、两个蜡烛台和一个宝瓶。它们是很久以前的人用来纪念和祈祷的东西。桌子上有漂亮的花纹，香炉像一个小鼎，蜡烛台看起来像是点燃的蜡烛，宝瓶则像一个装着宝贝的瓶子。这些石头虽然很旧，但是很漂亮，它们告诉我们以前的人是怎么生活的，也让我们想象他们那时候的故事。
翻尾石鱼,116.3022521,39.99310702,385,0,0,0,,0,1,1,1,1,1.5,1,10,北京大学未名湖中的翻尾石鱼是一件具有丰富历史背景的文物。它原本是圆明园长春园中“谐奇趣”楼前喷水池的装饰物，由黄褐色细石精雕而成，鱼身长165厘米，高87厘米，造型生动，张口朝天，尾巴翻转，动感十足。这件石刻艺术作品是乾隆十六年（1751年）的遗物，属于西洋石刻艺术。不幸的是，圆明园在19世纪后半期遭受了英法联军和八国联军的两次焚烧与劫掠，导致园内文物大量流失，翻尾石鱼也未能幸免，被变卖。后来，它被朗润园主人载涛购得，并放置于朗润园中。直到1930年，燕京大学（北京大学的前身）的毕业生将其买下，作为礼物赠予母校，翻尾石鱼便在未名湖安家，成为校园内的一大景观。,在北京大学未名湖的碧波中，有一条石鱼，它的名字叫做翻尾石鱼。它曾是圆明园长春园中“谐奇趣”楼前喷水池的装饰，见证了那个时代的辉煌与沧桑。石鱼的身体由黄褐色的细石雕刻而成，它张口朝天，尾巴翻转，仿佛在诉说着历史的沉浮。这条石鱼不仅是艺术的结晶，也是历史的见证。它的故事，从乾隆年间的圆明园，到朗润园，再到未名湖，每一次的迁移，都承载着一段段动人的往事,在北大的未名湖里，有一条非常特别的鱼，它不是真的鱼，而是一条石头做的鱼，叫做翻尾石鱼。这条鱼很久很久以前是在一个大花园里的喷泉中，后来那个花园被破坏了，这条鱼就被搬到了这里。它的样子很特别，鱼头朝上，尾巴翻起来，好像在水里跳起来一样。这条石鱼现在在湖里，成为了北大的一个标志，很多小朋友和大朋友都喜欢来看它，听它的故事。
抗日战争联络点,116.3013701,39.99338392,180,0,0,0,,0,1,0,0,0,0,1,3,北京大学校园内曾有一处抗日战争联络点，即燕京大学地下联络点，位于未名湖附近。这个联络点在1938年秋至1941年底期间，被用作秘密传递文件、情报、宣传品以及军用器材等，是抗日战争时期的一个重要秘密联络点。不幸的是，1941年12月，联络人肖田被日军抓获，联络点暴露。这个联络点后来被列为北京市不可移动革命文物，成为纪念抗战历史的重要遗址。,在北京大学的校园里，有一处不平凡的角落，它见证了一段血与火的历史——抗日战争联络点。这里曾是燕京大学地下联络点，一个在烽火连天的岁月中，秘密传递信息与物资的隐秘之地。它的存在，如同暗夜中的一束光，照亮了抗战的希望。如今，这里已经成为了不可移动的革命文物，静静地诉说着那段波澜壮阔的历史，激励着后人不忘历史，珍爱和平。,在北大的校园里，有一个很秘密的地方，叫做抗日战争联络点。很久以前，当中国和日本打仗的时候，这个秘密的地方帮助了很多勇敢的人传递消息和东西。虽然现在战争已经结束了，但是这个秘密的地方还在那里，提醒我们记住那些勇敢的人，也告诉我们要和平，不要战争
未名湖燕园建筑碑,116.3029641,39.99255816,350,0,0,0,,0,0,0,1,0,0,1,3,未名湖燕园建筑群是北京大学校园内一组重要的近现代建筑，以未名湖为中心，周围分布着多座具有历史和文化价值的建筑。这些建筑包括西校门、办公楼、图书馆、外文楼、体育馆、南北阁1-6院、岛亭、水塔和男女生宿舍等，全部采用仿古建筑风格。这些建筑不仅在功能上满足了教学和研究的需要，而且在艺术和文化上也体现了中国传统建筑的特色。未名湖燕园建筑群的建筑大分散，小集中，主轴线为东西向，各群组大都为三合院式，总体布局合理，局部尺度适宜，与自然地形地貌结合紧凑。建筑物多为二、三层，主要建筑用灰瓦红柱，石造台阶，浅色墙面，檐下有斗拱梁枋，施以彩画；次要建筑取民居园林形式，湖边水塔为八角密檐式。园内尚留一些明清旧园遗物，也有从圆明园遗址搬来的石刻小品。现未名湖区仍保持初建时的原貌。这些建筑不仅是北京大学的宝贵财富，也是中国建筑艺术和文化传承的重要体现。,在北京大学的未名湖畔，有一组建筑，它们被称为未名湖燕园建筑群。这些建筑以湖为中心，环绕着校园，它们不仅是教学楼和图书馆，更是历史的载体，文化的传承。每一座建筑都仿佛在诉说着一个故事，它们的飞檐翘角、灰瓦红柱，都透露着中国传统建筑的韵味。这些建筑群，不仅是学子求学的殿堂，也是游客流连忘返的景点，它们见证了北京大学的百年沧桑，也承载着未来的希望与梦想。,在北大的校园里，有一片很古老的建筑，叫做未名湖燕园建筑群。这些建筑围着一个漂亮的湖建起来的，就像一个大大的家庭。这些房子都穿着古代的衣服，有尖尖的屋顶和漂亮的颜色。这些建筑不仅是用来上课和看书的地方，也是很多故事发生的地方。小朋友们可以在这里听故事，也可以在这里玩耍，还可以学到很多关于古代建筑的知识。
慈济寺山门,116.3042595,39.99275515,98,0,0,0,,0,0,1,0,1,1,1,5,慈济寺山门，也称为西校门，是北京大学的正门，由燕京大学校友于1926年集资修建，因此也被称为校友门。这座校门坐东朝西，是一座古典三开朱漆宫门建筑，风格古朴、庄严典雅，与颐和园东宫门相似，具有浓郁的民族风格。西校门的门牌号是娄斗（兜）桥一号，位于北京大学的主轴线起始点位置，是进入北大领略燕园风光的最佳入口。西校门不仅是师生进出的校园大门，而且已经成为北大的象征，蕴含着丰富的精神文化内容。校门左右两侧还有一对威武的石狮，使西校门更增加了几分庄严。西校门内是一座精心雕镂的石桥，由校友所捐，名校友桥，弯弯小桥，淙淙流水，蕴涵北国江南的神韵。正对西门的是校园的主要建筑，即办公楼，其间空地上还耸立着从圆明园迁来的两只华表。西校门向西而行，是清代名园鸣鹤园的遗迹；往南的一片绿地和荷塘，是明末画家米万钟勺园故址。西校门和校友桥留下了许多北大校友的记忆，成为北大精神文化的重要组成部分。,慈济寺山门，也称为西校门，是北京大学的正门，由燕京大学校友于1927年集资修建，因此也被称为校友门。这座校门坐东朝西，是一座古典三开朱漆宫门建筑，风格古朴、庄严典雅，与颐和园东宫门相似，具有浓郁的民族风格。西校门的门牌号是娄斗（兜）桥一号，位于北京大学的主轴线起始点位置，是进入北大领略燕园风光的最佳入口。西校门不仅是师生进出的校园大门，而且已经成为北大的象征，蕴含着丰富的精神文化内容。校门左右两侧还有一对威武的石狮，使西校门更增加了几分庄严。西校门内是一座精心雕镂的石桥，由校友所捐，名校友桥，弯弯小桥，淙淙流水，蕴涵北国江南的神韵。正对西门的是校园的主要建筑，即办公楼，其间空地上还耸立着从圆明园迁来的两只华表。西校门向西而行，是清代名园鸣鹤园的遗迹；往南的一片绿地和荷塘，是明末画家米万钟勺园故址。西校门和校友桥留下了许多北大校友的记忆，成为北大精神文化的重要组成部分。,慈济寺山门，也称为西校门，是北京大学的正门，由燕京大学校友于1928年集资修建，因此也被称为校友门。这座校门坐东朝西，是一座古典三开朱漆宫门建筑，风格古朴、庄严典雅，与颐和园东宫门相似，具有浓郁的民族风格。西校门的门牌号是娄斗（兜）桥一号，位于北京大学的主轴线起始点位置，是进入北大领略燕园风光的最佳入口。西校门不仅是师生进出的校园大门，而且已经成为北大的象征，蕴含着丰富的精神文化内容。校门左右两侧还有一对威武的石狮，使西校门更增加了几分庄严。西校门内是一座精心雕镂的石桥，由校友所捐，名校友桥，弯弯小桥，淙淙流水，蕴涵北国江南的神韵。正对西门的是校园的主要建筑，即办公楼，其间空地上还耸立着从圆明园迁来的两只华表。西校门向西而行，是清代名园鸣鹤园的遗迹；往南的一片绿地和荷塘，是明末画家米万钟勺园故址。西校门和校友桥留下了许多北大校友的记忆，成为北大精神文化的重要组成部分。
博雅塔,116.3056633,39.99263959,417,1,0,0,,0,1,1,1,1,0,1,15,博雅塔是北京大学的标志性建筑之一，位于未名湖东南的小丘上，是仿造通州燃灯佛舍利塔、取辽朝密檐砖塔样式建造的。它原是校园供水水塔，其独具匠心的设计构思，乃燕园构建的神来之笔。博雅塔的设计参照了通州的燃灯佛舍利塔，塔共13级，高约37米，井深164尺，喷水高于地面十余尺，喷水量达每小时16000加仑（合60560升）。内部结构中空，有螺旋梯直通塔顶，除基座外全是用钢筋水泥建筑，设计精良。由于当时燕京大学校园内的建筑都是以捐款人的姓氏命名的，这座博雅塔主要是由当时燕京大学哲学系教授博晨光（Lucius Chapin Porter，1880-1958，当时居住在美国）捐资兴建的，所以被命名为“博雅塔”。巍峨的博雅塔和它周围的松柏以及波光荡漾的未名湖构成燕园的一大景观。由于建筑位置的巧妙，在北大内外，梁柱、古树之间，时见它的身影，更增几分秀丽神奇。博雅塔似一位饱经风霜的老人，默默地站在湖畔，纵观着风云变幻，那紧锁的塔门，就像这位老人紧闭的心扉，包含着人生的悠悠岁月。,在北京大学的校园里，有一座塔，叫做博雅塔。它静静地站在未名湖边的小丘上，就像一个守护者，守护着这片知识的海洋。这座塔有13层，高高的，直直的，就像一把剑，直指天空。塔是用钢筋水泥做的，很坚固，也很古老。它的名字来源于一个叫做博晨光的教授，他为了帮助学校，捐了很多钱来建这座塔。现在，这座塔不仅是北大的一个标志，也是所有北大人心中的骄傲。,在北大的校园里，有一座很高很高的塔，叫做博雅塔。它就像一个巨人，站在湖边，看着来来往往的学生和老师。这座塔有13层，就像一个巨大的蛋糕，每一层都是不同的味道。塔里面是空的，有楼梯可以爬到塔顶，从上面看下去，整个校园都变得小小的。这座塔原来是用来供水的，就像一个大大的水杯。现在，它成了北大的一个标志，每个来到北大的人都会和它拍照留念
蒋家胡同四合院,116.3082928,39.99401659,221,0,0,0,,0,0,1,0,0,0,0,3,蒋家胡同四合院位于北京大学，建于清光绪年间，原是天利木厂安联魁修建的宅院。这个宅院有着丰富的历史背景，曾是著名历史地理学家顾颉刚的旧居，他在这里编纂了《禹贡》杂志。四合院的建筑风格体现了清末民初的建筑特色，具有重要的建筑艺术与人文历史价值。2001年，北京大学开始征用东门外成府村的土地，包括蒋家胡同在内的地区面临拆迁。在这个过程中，蒋家胡同3号院得到了保护，并且进行了整体原址保护性修缮。这个四合院现在归北京大学法学院使用，并且被公布为海淀区文物保护单位。蒋家胡同四合院的保护和修缮，不仅保留了北京西郊难得的精巧民居院落，也为后人提供了一个了解和研究北京四合院建筑和文化的重要场所。这个四合院的存在，为北京大学校园增添了一份历史的厚重感和文化的韵味。,蒋家胡同四合院，是北京大学校园内一处静谧的历史角落。这座四合院见证了历史的变迁，承载了文化的积淀。它的每一砖一瓦，都诉说着过往的故事，每一道梁、每一扇窗，都映照着岁月的光辉。如今，它不仅是法学院的一部分，更是北大精神文化的重要组成部分，为后人提供了一个了解和研究北京四合院建筑和文化的重要场所,在北大的校园里，有一个叫做蒋家胡同四合院的地方，它是一个老老的房子，就像一个四方形的盒子，里面有好几个房间。这个四合院已经很老很老了，比我们的爷爷奶奶还要老。很久以前，有一个很有名的学者在这里住过，写了很多书。现在，这个四合院被保护得很好，就像一个博物馆，我们可以进去看看，了解以前的人是怎么生活的
石像生,116.3023888,39.99078485,52,0,0,0,,0,0,1,0,0,0,1,5,在北京大学校园内，有多处石像生，这些石像生原本是陈列在墓前神道上的石人石兽的统称，用来彰显墓主人的身份地位，同时也有驱邪镇墓的作用。在清代和明代的陵墓中，石像生是常见的，它们通常成对出现，包括石狮、石象、石马、石雕文臣与武将等。在北京大学静园草坪内，可以找到一些石像生的残存。这些石像生原本可能是某个墓地前的装饰，现在成为了校园历史的一部分。北京大学校园内的石像生不仅是历史的见证，也是校园文化的一部分，它们与校园内的其他文物和古迹一起，构成了北京大学独特的历史和文化氛围。,在北京大学的校园里，有两座沉默的守护者——石像生。它们静静地伫立在未名湖畔，见证了历史的风云变幻。石羊与石虎曾是古代陵墓前的守护神，如今却成为了校园文化的一部分。它们的存在，不仅为校园增添了一份历史的厚重感，也让每一位学子在穿梭其间时，感受到一种跨越时空的对话,在北大的校园里，有一些石头做的动物，它们叫做石像生。这些石头动物有的像羊，有的像老虎，它们以前是守护皇帝陵墓的。现在，它们被搬到了北大的校园里，成为了这里的一部分。这些石像生虽然不会说话，也不会动，但是它们就像故事书里的插图一样，告诉我们很多古老的故事。小朋友们可以来这里看看这些石像生，听听它们的故事，感受一下它们的历史。
杭爱碑（右）,116.3023821,39.99109309,350,0,0,0,,0,0,1,0,0,0,1,5,杭爱碑位于北京大学静园草坪北侧的东西两角，一院和六院前，是清康熙年间为纪念康熙时的功臣杭爱而建造的。这两座石碑分别位于东西两侧，东侧的石碑是在康熙二十四年二月杭爱去世两年后建立的，用以表彰他一生的功绩；西侧的碑则是同年九月礼部侍郎中稚虎的祭文。杭爱碑的形制是清代常见的石碑样式，高约两米多。石碑的基座是一种看起来像乌龟的动物，名为赑屃，是龙的九子之一，喜欢负重，因此常被用作石碑的基座。碑顶雕刻的像龙的动物称为螭，也是龙的九子之一，喜欢登高远望，常作为石碑顶部的装饰。杭爱碑上的字迹已经模糊不清，但据推测，碑的主人是康熙时的功臣杭爱。杭爱是满洲人，姓章佳氏，原属正黄旗，后改隶镶白旗，曾在四川任上政绩卓著，死后被赐谥号“勤襄”。这两座石碑不仅是实用性与艺术性结合的珍贵文物，也承载着历史的记忆和对先贤的纪念。,在北京大学的静园草坪北侧，有一对古老的石碑，它们静静地守护着历史的深处。这便是杭爱碑，它们见证了一个时代的风云，记录了一个英雄的传奇。东侧的石碑，铭记着杭爱一生的功绩；西侧的碑文，则是对他英灵的祭奠。这两座石碑，不仅是历史的见证，更是文化的传承，它们以古朴的姿态，诉说着过往的辉煌。,在北大的校园里，有两块很老的石碑，叫做杭爱碑。这两块石碑是为了纪念一个叫做杭爱的大英雄而立的。杭爱碑上刻着很多字，虽然现在已经看不太清楚了，但是它们告诉我们杭爱是一个很勇敢、很聪明的人。这两块石碑就像两个守护者，站在校园里，保护着这里。小朋友们可以来这里看看这两块石碑，听听它们的故事，学习杭爱的英雄精神。
杭爱碑（左）,116.3017731,39.99101094,52,0,0,0,,0,0,1,0,0,0,1,5,杭爱碑位于北京大学静园草坪北侧的东西两角，一院和六院前，是清康熙年间为纪念康熙时的功臣杭爱而建造的。这两座石碑分别位于东西两侧，东侧的石碑是在康熙二十四年二月杭爱去世两年后建立的，用以表彰他一生的功绩；西侧的碑则是同年九月礼部侍郎中稚虎的祭文。杭爱碑的形制是清代常见的石碑样式，高约两米多。石碑的基座是一种看起来像乌龟的动物，名为赑屃，是龙的九子之一，喜欢负重，因此常被用作石碑的基座。碑顶雕刻的像龙的动物称为螭，也是龙的九子之一，喜欢登高远望，常作为石碑顶部的装饰。杭爱碑上的字迹已经模糊不清，但据推测，碑的主人是康熙时的功臣杭爱。杭爱是满洲人，姓章佳氏，原属正黄旗，后改隶镶白旗，曾在四川任上政绩卓著，死后被赐谥号“勤襄”。这两座石碑不仅是实用性与艺术性结合的珍贵文物，也承载着历史的记忆和对先贤的纪念。,在北京大学的静园草坪北侧，有一对古老的石碑，它们静静地守护着历史的深处。这便是杭爱碑，它们见证了一个时代的风云，记录了一个英雄的传奇。东侧的石碑，铭记着杭爱一生的功绩；西侧的碑文，则是对他英灵的祭奠。这两座石碑，不仅是历史的见证，更是文化的传承，它们以古朴的姿态，诉说着过往的辉煌。,在北大的校园里，有两块很老的石碑，叫做杭爱碑。这两块石碑是为了纪念一个叫做杭爱的大英雄而立的。杭爱碑上刻着很多字，虽然现在已经看不太清楚了，但是它们告诉我们杭爱是一个很勇敢、很聪明的人。这两块石碑就像两个守护者，站在校园里，保护着这里。小朋友们可以来这里看看这两块石碑，听听它们的故事，学习杭爱的英雄精神。
梅石碑,116.3023111,39.99219459,190,0,0,0,,0,0,1,0,1,0,1,10,梅石碑是清朝时期的石刻碑铭，原本属于圆明园长春园和茜园的旧物。现在，这块石碑被安放在北京大学未名湖的西南岸。石碑上雕刻有一块奇石和一株苍老的梅树，这些图案旁边还刻有清乾隆皇帝的御笔碑铭诗序。石碑的顶部有石雕庑殿顶，底部则有莲花碑座，整块石碑造型独特，具有很高的艺术价值和历史意义。梅石碑所记载的是南宋年间赵构的德寿宫里的一块奇石（芙蓉石又名青莲朵）和一株苔梅的历史故事。后来，明代画家孙杖和蓝瑛将这一梅一石刻在石碑上，从而使得梅石碑名声远扬。梅石碑不仅是北京大学校园内的重要文物，也是中国园林艺术和石刻艺术的杰出代表。它见证了中国历史上的文化交流和艺术传承，对于研究清代石刻艺术和园林历史具有重要的参考价值。,在北京大学的未名湖畔，有一块名为梅石碑的石刻，它静静地诉说着历史的沧桑。这块石碑上，雕刻着奇石与苍劲的梅树，旁边是乾隆皇帝的御笔诗序，每一笔每一划都透露着皇家的尊贵与文人的雅致。梅石碑不仅是一块石刻，它是一部史书，记录了南宋年间的一段佳话，也见证了明代画家的艺术成就。在北大的校园里，梅石碑以其独特的艺术魅力和深厚的文化内涵，成为了一处不可多得的文化景观。,在北大的校园里，有一块很老的石碑，叫做梅石碑。这块石碑上刻着一块奇怪的石头和一棵很老的梅花树，还有一个皇帝写的诗。这块石碑是从很久以前的一个大花园里搬来的，那个花园叫做圆明园。这块石碑就像一个故事书，告诉我们很久以前的事情。小朋友们可以来这里看看这块石碑，听听它的故事，感受一下古代的艺术家是多么的厉害。
档案馆,116.3005537,39.99262303,420,0,0,0,,0,1,1,0,0,0,1,5,"北京大学档案馆是学校档案工作的职能管理部门，同时也是一个科学文化事业机构，负责永久保存和提供利用北京大学的档案。档案馆的前身是1958年设立的文书档案室，后来在1982年扩充为综合档案室，并于1993年更名为北京大学档案馆。1999年，随着北京大学管理体制改革，档案馆成为学校的直属机构。档案馆的馆藏非常丰富，包括与北京大学、国立西南联合大学、国立北平大学、燕京大学以及日伪占领区的“国立北京大学”相关的五个全宗。档案分为管理、学籍、科研、声像、基建、实物等多个门类，记录了北京大学百余年来的教育、科研、服务社会、文化传承等历史发展进程。这些档案不仅具有重要的史料价值和学术价值，也是研究北京大学校史、中国教育史、学术史、革命史、思想史和中共党史的重要学术参考。
",在北京大学的校园里，有一座知识的宝库——档案馆。这里收藏着北大百余年的历史记忆，从文书档案到学籍资料，从科研成果到声像记录，每一份档案都是北大历史的见证。档案馆不仅是资料的保管者，更是文化的传承者，它以沉默的姿态，诉说着北大的过去，启迪着北大的未来。,在北大的校园里，有一个叫做档案馆的地方，它就像一个巨大的图书馆，但是里面放的不是书，而是很多古老的文件和资料。这些文件和资料记录了北大很久以前的事情，比如老师们的研究，学生们的学习，还有校园里发生的重要活动。档案馆的叔叔阿姨们会把这些资料整理好，保存起来，这样我们就可以了解北大的历史，学习到很多知识。小朋友们也可以来这里看看，感受一下北大的历史和文化。
钟亭和铜钟,116.3018371,39.99309338,102,0,0,0,,0,0,1,0,0,0,0,5,北京大学的钟亭位于未名湖西南角的山峦上，是一个具有历史意义的文物遗迹。钟亭内的铜钟历史悠久，原为颐和园遗物，后成为燕京大学校钟，用于报时。铜钟上铸有满汉两种文字，标明制造年份为“大清国丙申年捌月制”（1896年）。钟体下部雕刻着波涛汹涌的大海和旭日，上部则是十二对腾舞滚动的戏珠蛟龙，钟耳由两条青龙铰练成，整体古色古香，具有很高的艺术价值和历史价值。然而，近年来钟亭内的铜钟内部遭到了游客的涂鸦，包括中文、英文和韩文字迹，内容多与北大有关，如“我要上北大”和表达爱意的留言。这些涂鸦对文物造成了破坏，引起了北大校友和社会各界的关注。对此，国家文物局原则同意了北京大学未名湖燕园建筑钟亭的修缮方案，并强调在清理过程中应优先采用物理清理方法，避免使用化学试剂，同时加强维修后的监测，制定有效措施防止游人对铜钟的推动和涂鸦。北京大学也在积极采取措施保护校园内的文物，包括加装护栏和监控摄像头，以及北大学生成立的“北京大学燕园文化遗产保护协会”也在积极参与文物保护工作，通过建立标识牌、举办活动等方式提高公众的文物保护意识。这些努力都是为了保护和传承这些珍贵的文化遗产。,钟亭和铜钟位于北京大学未名湖西南角的山峦上，是一处融合了历史与文化的古迹。钟亭内的铜钟原为颐和园遗物，后成为燕京大学校钟，用于报时。铜钟上铸有满汉两种文字，记录了其悠久的历史。钟亭不仅是时间的象征，也是文化传承的载体。它见证了北京大学的发展历程，承载了无数学子的校园记忆。钟声悠扬，回荡在未名湖畔，成为北大精神文化的一部分。,在北大的校园里，有一个叫做钟亭的地方，那里有一口很大的铜钟。这口钟以前是在颐和园里的，后来被搬到了这里。钟亭就像一个小房子，保护着这口大钟。这口钟很特别，上面刻着很多字，有汉字也有满文，告诉我们它已经有很长时间的历史了。每当钟声响起，整个校园都能听到，就像在告诉大家：要珍惜时间，努力学习。小朋友们可以来这里看看这口大钟，听听它的故事，感受一下大学校园的历史气息。
鲁斯亭,116.3034457,39.99345421,165,0,0,0,,0,0,1,1,1,0,0,10,鲁斯亭，原名思义亭，是位于北京大学未名湖中心湖心岛上的一座木质结构的八角亭。这座亭子的顶部设计为宝塔状，底座则是高出地面一米多的八角形石台。鲁斯亭下方还建有地下室，并且配有回廊。据称，亭内还设有地道，这可能是为了在战争时期应对紧急情况而设计的。鲁斯亭的历史可以追溯到1929年，当时由亨利·鲁斯捐资建成，以此纪念他的父亲路思义（又名鲁斯义），他曾在1919年担任燕京大学的副校长。因此，这座亭子也被称为斯义亭。到了1998年，也就是北京大学百年校庆之际，鲁斯基金会再次捐资对岛亭进行了重修，并且重新命名为鲁斯亭。最初，鲁斯亭是作为师生团体聚会的场所，1966年之前，北京大学工会还曾在这里开设过图书馆。如今，鲁斯亭主要作为会议室使用。鲁斯亭不仅是北京大学校内的一处重要建筑遗迹，也是校园文化和历史的一个象征。它静静地伫立在未名湖的湖心岛上，见证了北京大学的百年变迁和学术发展。,鲁斯亭，原名思义亭，是位于北京大学未名湖中心湖心岛上的一座木质结构的八角亭。这座亭子的顶部设计为宝塔状，底座则是高出地面一米多的八角形石台。鲁斯亭不仅是一处供人休憩的场所，更是历史的见证。它静静地伫立在湖心岛上，见证了北京大学的百年变迁和学术发展，成为了校园文化和历史的一个象征。,在北大的湖心岛上，有一个叫做鲁斯亭的小亭子。这个亭子有八个角，看起来像是一座小塔。亭子下面有一个高高的平台，我们可以爬上去，坐在亭子里休息。鲁斯亭很老了，它在北大的校园里已经有很多年了。这个亭子就像是一个老朋友，看着北大的学生们来来往往，也见证了很多重要的事情。我们可以去鲁斯亭里玩，感受一下它的历史和故事。
石舫,116.3038753,39.99358391,30,0,0,0,,0,0,1,0,1,1,1,15,石舫位于北京大学未名湖湖心岛东侧，是原淑春园中唯一的建筑旧物。这座石舫的历史可以追溯到乾隆四十九年（1784年），当时乾隆皇帝将淑春园赐给了他的宠臣和珅。和珅在园中大肆兴建，仿照颐和园内的石舫“清晏坊”，在淑春园内建造了这座石舫。石舫的建造在当时是逾制的行为，因为石舫这类建筑在封建时代通常只有皇家才能享用，这也成为和珅后来被治罪的罪证之一。石舫在1860年英法联军火烧圆明园时被毁，上部结构被焚毁，如今只剩下石质基座。石舫的基座上立有四条石屏，刻有诗文“画舫平临苹岸阔，飞楼俯瞰柳荫多，夹镜光澄风四面，垂虹影界水中央”，这些诗句增添了石舫的文化底蕴。石舫不仅是北京大学的一处历史遗迹，也是校园中的一处风景名胜，常吸引师生和游客驻足观赏。,石舫位于北京大学未名湖湖心岛东侧，是原淑春园中唯一的建筑旧物。这座石舫的历史可以追溯到乾隆四十九年（1784年），见证了历史的变迁。石舫不仅是北京大学的一处历史遗迹，也是校园中的一处风景名胜，常吸引师生和游客驻足观赏。它的存在，让人联想到古代园林的雅致与皇家的气派，为北大校园增添了一份古典之美。,在北大的未名湖上，有一个很特别的石船，叫做石舫。这个石船不会像真的船那样在水上漂，因为它是用石头做的。石舫很古老，是很久很久以前的人建造的。它静静地停在湖边，就像是一个古老的故事，等着我们去发现。我们可以去石舫那里玩，想象自己是古代的王子或公主，在美丽的花园里探险。
校景亭,116.3004986,39.99496041,12,0,4.33,3,,0,0,1,1,1,1.5,1,10,北京大学的校景亭，原名翼然亭，是位于北京大学德斋（红一楼）北部土山上的一个历史悠久的亭子，北面俯临红湖。这座亭子是昔日鸣鹤园中最大的亭子，其建筑风格简朴大方，周围环绕着假山和树木，具有浓郁的古典园林特色。乾隆十二年（1747年），清高宗乾隆曾登上翼然亭观赏四周风光，并赋诗一首以赞赏这一带的风光之美。1926年，燕京大学迁至此处后，对翼然亭进行了修整，并在亭内绘制了十二幅燕园校景，因此更名为校景亭。这些彩绘展示了包括校景亭自身在内的校园风景，包括备斋与湖心岛亭、办公楼、化学北楼、外文楼、南北阁、西校门、第一体育馆、博雅塔、荷花池、钟亭和校友桥等。1984年，北京大学对校景亭进行了修葺，使其焕然一新，成为校园内一座雅致美丽的名亭。校景亭不仅是一处具有历史价值的建筑，也是北京大学校园内一处静谧而美丽的景点，为师生提供了一个休憩和欣赏校园风光的场所。,校景亭，原名翼然亭，位于北京大学德斋北部土山上，北面俯临红湖，是一处充满古典韵味的亭子。亭子周围环绕着假山和树木，环境幽静，是师生休憩、交流的理想之地。乾隆十二年，清高宗乾隆曾登上此亭，赋诗赞赏四周风光。1926年，燕京大学迁至此处后，对亭子进行了修整，并绘制了十二幅燕园校景，因此更名为校景亭。这些彩绘不仅展示了校园的美景，也承载了校园的历史与文化。,在北大的校园里，有一个叫做校景亭的小亭子。这个亭子很古老，它的名字已经有很长时间了。亭子周围有很多假山和树木，就像一个小小的秘密花园。很久以前，有一个皇帝来到这里，很喜欢这里的景色，还写了一首诗。现在，这个亭子里有很多漂亮的画，画的是北大校园里的风景。小朋友们可以来这里玩，感受一下古代皇帝喜欢的美景。
“柳浪闻莺”石牌坊,116.3010887,39.99518437,15,0,0,0,,0,0,1,0,0,0,0,5,“柳浪闻莺”石牌坊原是圆明园内仿西湖十景之一的建筑，建于乾隆二十八年（1763年），位于文源阁西北溪滨柳荫之间。这座石牌坊不仅是圆明园的遗物，也是圆明园内仿西湖十景中仅有的两处留有文字的文物之一。石牌坊的坊楣上刻有乾隆御书的“柳浪闻莺”四字，坊阴则有乾隆御制诗一首。在圆明园被毁后，这些石牌坊流散到了北京大学的校园内。1977年，北京大学在朗润园岛上西北角出土了刻有“柳浪闻莺”字样的坊楣，后来北大将此坊楣捐赠给了圆明园，成为国内第一批回归圆明园的流失文物之一，现在展示于圆明园西洋楼海晏堂遗址北侧。2012年，石牌坊的坊柱在北大被挖掘出土，坊柱两面刻有对联，现在立于红湖东岸。这些石牌坊不仅是历史的见证，也是文化遗产的重要组成部分，它们承载着丰富的历史信息和文化价值。通过对这些文物的保护和研究，我们可以更好地了解和传承中国的历史文化。,“柳浪闻莺”石牌坊原是圆明园内仿西湖十景之一的建筑，建于乾隆二十八年（1763年），后因历史变迁流散至北京大学校园内。这座石牌坊不仅是圆明园的遗物，也是圆明园内仿西湖十景中仅有的两处留有文字的文物之一。石牌坊的坊楣上刻有乾隆御书的“柳浪闻莺”四字，坊阴则有乾隆御制诗一首，承载着丰富的历史信息和文化价值。通过对这些文物的保护和研究，我们可以更好地了解和传承中国的历史文化。,在北大的校园里，有一个叫做“柳浪闻莺”的石牌坊。这个石牌坊很久以前是在一个大花园里，那个花园叫做圆明园。石牌坊上刻着很漂亮的字和诗，是很久以前的皇帝写的。这个石牌坊就像是一个大牌子，告诉我们这里曾经是一个很美的地方。小朋友们可以来这里看看这个石牌坊，感受一下古代皇帝喜欢的美景。
清代散落石构件,116.3011583,39.995513,78,0,0,0,,0,0,1,0,0,0,0,5,"北京大学校园内现存有许多清代散落的石构件，这些文物见证了历史的变迁和文化的积淀。它们原本属于圆明园内的建筑，后来流散至北京大学。据资料显示，这些石构件中的坊楣部分曾于1977年在朗润园岛上西北角出土，并由北京大学捐赠给圆明园，成为国内第一批回归圆明园的流失文物之一，现在展示于圆明园西洋楼海晏堂遗址北侧。而坊柱部分则在2012年被挖掘出土，现立于红湖东岸。
此外，北京大学还对校园内的其他散落石构件进行了集中保护和展示工程，以传承历史文脉并活化利用校内文物遗存。这些石构件不仅包括了“柳浪闻莺”石牌坊构件，还有其他一些清代的石质构件，如临湖轩院前的石盆、西校门南侧的汉白玉长条石雕等，它们都是清代遗存，具有重要的历史和文化价值。
这些石构件的保护和展示，不仅为研究清代历史文化提供了实物资料，也为校园增添了一份历史的厚重感和文化的韵味。通过对这些文物的保护和研究，我们可以更好地了解和传承中国的历史文化。",北京大学校园内现存有许多清代散落的石构件，这些文物见证了历史的变迁和文化的积淀。它们原本属于圆明园内的建筑，后来流散至北京大学。这些石构件不仅是历史的见证，也是文化遗产的重要组成部分，它们承载着丰富的历史信息和文化价值。通过对这些文物的保护和研究，我们可以更好地了解和传承中国的历史文化。,在北大的校园里，有很多古老的石头，它们是从很久以前的一个大花园里来的，那个花园叫做圆明园。这些石头上刻着漂亮的字和图案，是很久以前的工匠做的。这些石头就像是从大花园里来的使者，告诉我们那里曾经发生的故事。小朋友们可以来这里看看这些石头，听听它们的故事，感受一下古代工匠的技艺。
办公楼,116.3005657,39.993223,10,0,0,0,,0,1,1,1,1,0,1,5,北京大学办公楼，建于1926年，原名“施德楼”，1931年曾被燕京大学校楼命名委员会定名为“贝公楼”，“施德”与“贝公”之名均为纪念燕京大学前身之一的汇文大学堂第二任校长贝施德。办公楼位于原燕京大学校园东西向中轴线上，主楼屋顶为歇山顶，两翼配有副楼，坐落于高大的花岗岩台基上，红柱白墙，斗拱彩画，色调古朴高雅。楼前有麒麟、丹墀。,北京大学办公楼，建于1926年，原名“施德楼”，1931年曾被燕京大学校楼命名委员会定名为“贝公楼”，“施德”与“贝公”之名均为纪念燕京大学前身之一的汇文大学堂第二任校长贝施德。办公楼位于原燕京大学校园东西向中轴线上，主楼屋顶为歇山顶，两翼配有副楼，坐落于高大的花岗岩台基上，红柱白墙，斗拱彩画，色调古朴高雅。楼前有麒麟、丹墀。,在北大的校园里，有一座很大的楼叫做办公楼。这座楼有很悠久的历史，它的样子结合了中国和外国的建筑特点。办公楼旁边就是未名湖，湖里的水很清，湖边的树很绿。小朋友们可以和爸爸妈妈一起去办公楼前面玩，看看这座大楼，感受一下大学校园的氛围。
半月台乾隆诗碑,116.2984789,39.99548066,15,0,0,0,,0,0,1,0,0,0,0,5,北京大学校园内存在与很多乾隆诗碑相关的文物，这些诗碑是清代乾隆时期遗留下来的，具有重要的历史和文化价值，其中一块被称为“半月台”的乾隆诗碑，位于北京大学校园西北墙角处。这块诗碑原本立于长春园“海岳开襟”东侧的半月台，诗文内容描述的是半月台的景色。这些诗碑不仅是乾隆皇帝文学成就的体现，也是北京大学校园文化的重要组成部分。,半月台乾隆诗碑是北京大学校园内一处充满历史气息的文物。这块诗碑承载着清朝乾隆皇帝的御笔诗文，不仅是书法艺术的展现，也是对那个时代文化与审美的反映。半月台诗碑的存在，为北京大学增添了一份历史的厚重感，让后人在欣赏的同时，也能深刻感受到中华文化的博大精深。,在北大的校园里，有一块很老的石碑，上面刻着一个皇帝写的诗，这块石碑叫做半月台乾隆诗碑。这个皇帝叫做乾隆，他很喜欢写诗，也很喜欢到处游玩。这块石碑就是他游玩时写下的诗，后来人们把它放在了北大的校园里。小朋友们可以来这里看看这块石碑，感受一下古代皇帝的诗才。
鸣鹤园,116.2993356,39.99399465,32,0,0,0,哈哈哈,0,1,1,1,1,1,1,5,北京大学校园内的鸣鹤园，是清代皇家赐园之一，与镜春园相邻，原本同属春熙园，也是圆明园附属园林之一。乾隆年间，赐给了宠臣和珅，成为淑春园的一部分。嘉庆七年，淑春园被分为两部分，东部较小的园区成为镜春园，西部较大的园区则成为鸣鹤园。园主绵愉是晚清政局中的重要人物，曾与增格林沁一起镇压过太平天国北伐军。1860年，英法联军火烧圆明园时，鸣鹤园也遭到了破坏，但翼然亭却奇迹般地保存了下来。鸣鹤园在民国初年被徐世昌租下，后来归陈树藩所有，并于1928年卖与燕京大学。1992年，北京大学在吉尔·赛克勒基金会的资助下修复了鸣鹤园，并在其北部建立了赛克勒考古与艺术博物馆。园内除了自然景观，还有校景亭（原名翼然亭），是昔日鸣鹤园中最大的亭子，也是园内现存最古老的建筑之一。此外，园内还有日晷、石牌坊等文物，以及一些仿古建筑。如今的鸣鹤园，虽然已经没有了往日的辉煌，但仍保留着一些历史遗迹和自然美景，是北京大学校园内一个充满历史感的地方。,鸣鹤园，作为北京大学校园内的一处历史悠久的园林，承载着丰富的文化和历史。这里曾是清代皇家园林的一部分，见证了无数历史变迁。园内的自然景观与古建筑相得益彰，为师生提供了一个静谧的学习与思考空间。鸣鹤园不仅是北京大学的一处自然美景，更是校园文化的重要组成部分，它的保护与利用，体现了对历史的尊重和对文化的传承。,在北大的校园里，有一个叫做鸣鹤园的地方，它是一个很古老的花园。这个花园里有很多树和花，还有一个很老的亭子。很久以前，这个花园是皇帝的花园，后来变成了北大的一部分。小朋友们可以来这里玩，看看那些老树和花，还有那个很老的亭子。鸣鹤园就像一个秘密花园，等着小朋友们去探索和发现。
日晷,116.2998509,39.99406567,211,0,0,0,,0,1,1,0,0,0,1,5,在北京大学赛克勒考古与艺术博物馆南门外，有一座汉白玉制的日晷，高近3米，由大底座、碑身和日晷组成。碑身从北开始按顺时针方向刻着篆字碑文，东西南北四面的碑文分别为：“近取诸物”、“远取诸身”、“仰以观于天文”、“俯以察于地理”，这些文字反映了中国古人的天文、哲学观念。这座日晷原位于马神庙公主府北大理科校区的荷花池中央，20世纪80年代后期移放到现赛万提斯像东侧草坪内，1992年园林科在赛克勒博物馆建成后移到此处，并恢复了晷盘与晷针，以期与博物馆在内容、气势上形成一种和谐的旋律。这座日晷为赤道式日晷，是中国古代最经典和传统的天文观测仪器之一，它不仅具有计时功能，还具有很高的文物价值和观赏价值，如今它静静地伫立在赛克勒考古与艺术博物馆南门前，记录着光与影的变迁，迎接着新的每一分每一秒的来临。,日晷，作为古代计时工具的代表，其在北京大学校园内的展示，不仅体现了对传统文化的尊重，也象征着时间的宝贵。这座汉白玉制的日晷，以其精美的雕刻和准确的计时功能，成为了校园内一处独特的文化景观。它静静地伫立在赛克勒考古与艺术博物馆南门外，见证着时间的流转和知识的传承。,在北大的校园里，有一个叫做日晷的古老计时器。它看起来像一个很大的钟，但是它没有指针和数字，而是用太阳的影子来告诉我们时间。这个日晷是用白色的石头做的，上面刻着很多字和图案。小朋友们可以来这里看看这个日晷，感受一下古代人是怎么知道时间的，这也是一个很有趣的发现哦。
海晏堂引水槽,116.2986692,39.99266841,120,0,0,0,,0,0,1,0,0,0,1,5,"海晏堂引水槽原为圆明园西洋楼建筑群中海晏堂门前的引水石槽，是圆明园长春园西洋楼景区的一部分。西洋楼景区是我国最早的欧式巴洛克风格园林建筑群，始建于清乾隆十二年（1747年），最终完工于乾隆四十八年（1783年）。海晏堂位于西洋楼园区中部，其正门两侧的引水石槽连接着著名的十二生肖铜像喷泉与储水池“锡海”。这些引水槽在清末圆明园遭受破坏后流出，曾作为燕京大学（今北京大学）西墙外万泉河上的篓斗桥的桥栏。后来，由于万泉河改道，不再流经西门外，篓斗桥被废弃，引水石槽则被安放在北京大学西门内，直到今天。这两块汉白玉长条石刻呈须弥座形状，略有弧度，上层饰有莲瓣纹，束腰部分装饰有S形纹，底部中央装饰有蝠形纹，四角装饰有卷草纹，是圆明园遗物中的精品。
2023年，北京大学为了更好地保护和展示这些石构件，对海晏堂引水槽进行了原址保护展示，加装了半封闭玻璃围挡、防潮基底，并设立了标识说明，以降低环境因素对文物的侵蚀，同时提供良好的视觉体验和宣传展示效果。这些措施有助于传承和活化利用校内文物遗存，持续打造品质校园，同时也让更多人了解和欣赏到这些文物的历史与文化价值。",海晏堂引水槽，原为圆明园西洋楼建筑群中海晏堂门前的引水石槽，是圆明园长春园西洋楼景区的一部分。这些引水槽不仅是圆明园历史的见证，也是中西文化交流的实物载体。在北京大学校园内，这些引水槽得到了妥善的保护与展示，成为了校园内一处独特的文化景观。它们的存在，不仅为校园增添了历史的厚重感，也为后人提供了了解和研究清代历史文化的重要实物资料。,在北大的校园里，有一些很老的石头槽，叫做海晏堂引水槽。这些石头槽以前是在一个大花园里用来引水的，那个花园叫做圆明园。后来，这些石头槽被搬到了北大，成为了校园里的一部分。虽然这些石头槽现在不再用来引水了，但是它们告诉我们很多关于很久以前的故事。小朋友们可以来这里看看这些石头槽，听听它们的历史。
三一八烈士纪念碑,116.3003463,39.99200284,222,0,0,0,,0,1,1,0,0,0,0,5,"北京大学校史馆东侧的小山脚下，立有两座纪念碑，是为纪念在1926年“三一八”惨案中遇难的四位北大、燕大学生。其中燕大学生魏士毅的纪念碑立于1927年3月，北大三位学生黄克仁、张仲超、李家珍的纪念碑于1929年5月30日立于北大旧址三院，1982年3月18日迁至此处。1926年3月18日，北大、燕大、清华、师大等高校学生和北京总工会等团体五千多人举行国民大会，在天安门前集会抗议，反对日、英、美、法、意等八国提出的要求中方军队撤除大沽口国防设施的无理要求，后游行至段祺瑞执政府门前向国务院请愿时与卫队发生冲突，卫兵开枪屠杀，47人死亡。燕大学生魏士毅，北大学生黄克仁、张仲超、李家珍，清华学生韦杰三，师大学生刘和珍、杨德群等遇难牺牲，鲁迅先生愤而撰有 《记念刘和珍君》以示悼念。
“魏士毅女士纪念碑”是燕京大学学生会在“三一八”惨案一周年纪念日时所立，是一座方锥形汉白玉碑。碑身正面镌刻“魏士毅女士纪念碑”八字。碑座四周雕有精美的三角图突，雕饰鲜花，碑下有三层基座，刻有碑铭，文末铭曰 “民心向背关兴亡，愿后死者长毋忘”。另三位北大烈士的纪念碑也是方锥形，碑座高3尺，碑腰高1尺，碑身高8尺，喻示“三一八”惨案。纪念碑四面分别用篆书刻写：“三一八遇难烈土黄君克仁/李君家珍/张君仲超纪念碑”和“中华民国十有八年五月卅日立石”。与此相对应的碑腰四面分别刻有这三位烈士的生平简介，以及北大教授黄右昌撰写的铭文，铭曰：“死者烈士之身，不死者烈士之神。愤八国之通牒兮，竟杀身以成仁。唯烈士之碧血兮，共北大而长新。”",三一八烈士纪念碑位于北京大学校园内，是为了纪念1926年3月18日发生的“三一八”惨案中的烈士而建立的。这座纪念碑不仅是对那段悲壮历史的缅怀，也是对烈士们爱国精神的赞颂。它提醒着每一位北大学子，不忘历史，珍视和平，同时也激励着他们继承先烈的遗志，为国家的繁荣和民族的复兴而努力奋斗。,在北大的校园里，有一座纪念碑，叫做三一八烈士纪念碑。这座纪念碑是为了纪念很久以前，一些勇敢的学生和老师，他们在一次很重要的抗议活动中牺牲了。这些学生和老师非常爱国，他们为了保护我们的国家而勇敢地站出来。现在，我们在这里立了这座纪念碑，就是为了记住他们的勇敢和牺牲。小朋友们可以来这里看看纪念碑，学习他们勇敢和爱国的精神。
临湖轩,116.3025867,39.9919691,20,0,0,0,,1,1,0,1,0,0,1,5,"临湖轩是北京大学内一座具有悠久历史和深厚文化底蕴的建筑，它位于未名湖南岸的山坡上，是燕园里现存的最古老的建筑之一。临湖轩的前身是清朝乾隆年间权臣和珅淑春园的“临风待月楼”，在1860年淑春园被毁时，只有未名湖边的石舫基座和这座楼保存了下来。
在燕京大学建校时期，司徒雷登校长的费城友人乔治·柯里夫妇捐资修缮了此楼，并将其赠予司徒雷登作为住宅。1931年，根据冰心的建议，这座建筑被命名为“临湖轩”，胡适为其书写制匾悬挂于大厅临湖一面的门额上。临湖轩不仅是接待贵宾、召开重要会议的公共场所，也见证了许多重要历史时刻和文化活动。
临湖轩的建筑风格体现了中国古典建筑的特色，环境幽静，依山就势，高低错落，功能分明，尺度亲切。它曾是燕京大学校长司徒雷登和北大校长马寅初的住所。这里还曾举行过吴文藻和冰心的婚礼，以及费孝通和王同惠的婚礼，司徒雷登校长担任主婚人。
如今，临湖轩作为北京大学的贵宾接待室，每年接待来自世界各地的外宾，包括外国国家元首、专家和学者，以及港澳同胞和侨胞。它不仅是北京大学的一个重要接待场所，也是校园内一处重要的文化和历史地标。",在北大有一个叫做新太阳的地方，它的地下有一个商店，里面卖很多和北大有关的好玩的东西。有的上面印着北大的标志，有的画着北大的建筑，这些都是纪念品。小朋友们如果喜欢北大，可以在这里找到很多有趣的纪念品，把它们带回家，作为自己来过北大的纪念。,在北大的校园里，有一个叫做临湖轩的地方，它是一座很老的房子，建在湖边上。这个房子很漂亮，有很多房间，以前很多重要的客人都在这里住过。临湖轩旁边就是湖，湖水很清，里面还有很多鱼。小朋友们可以来这里看看这个老房子，听听它的故事，感受一下北大的历史和文化。
滚墩石,116.3032145,39.9913464,298,0,0,0,,0,0,1,0,0,0,0,3,滚墩石为清式建筑构件，用来安插垂花门和小型石、木影壁门柱，以使其稳固。滚墩石有两个鼓形雕刻，鼓面雕宝相花等图案，四周刻鼓钉，鼓顶饰兽面，两鼓之间的墩身上有圆孔，称“海眼”，用来安插门柱。2015年此滚墩石因建设古籍新馆出土于图书馆北侧，出土位置在清代西邻和坤淑春园大门，东临花神庙，该石或出自两座古迹之一。滚墩石需成对使用，今进发现其中一座，为汉白玉石质，雕刻简洁大方，做工精致，弥足珍贵,滚墩石为清式建筑构件，用来安插垂花门和小型石、木影壁门柱，以使其稳固。滚墩石有两个鼓形雕刻，鼓面雕宝相花等图案，四周刻鼓钉，鼓顶饰兽面，两鼓之间的墩身上有圆孔，称“海眼”，用来安插门柱。2016年此滚墩石因建设古籍新馆出土于图书馆北侧，出土位置在清代西邻和坤淑春园大门，东临花神庙，该石或出自两座古迹之一。滚墩石需成对使用，今进发现其中一座，为汉白玉石质，雕刻简洁大方，做工精致，弥足珍贵,滚墩石为清式建筑构件，用来安插垂花门和小型石、木影壁门柱，以使其稳固。滚墩石有两个鼓形雕刻，鼓面雕宝相花等图案，四周刻鼓钉，鼓顶饰兽面，两鼓之间的墩身上有圆孔，称“海眼”，用来安插门柱。2017年此滚墩石因建设古籍新馆出土于图书馆北侧，出土位置在清代西邻和坤淑春园大门，东临花神庙，该石或出自两座古迹之一。滚墩石需成对使用，今进发现其中一座，为汉白玉石质，雕刻简洁大方，做工精致，弥足珍贵
华表,116.2998403,39.99334755,103,0,0,0,,0,0,1,0,1,0,1,10,"北京大学校园内的华表具有悠久的历史和丰富的文化内涵。据《看似成双却并非一对？这样的北大华表你知道吗……》一文中所述，这对华表制于乾隆七年，原本位于圆明园安佑宫琉璃坊前。在近代战火中，圆明园遭到破坏，这些华表也被迫离开了它们的原始位置。在燕京大学校园建设时期，其中三根华表被移至燕园，即现在的北京大学校园，两根设立至今，另一根则立于国家图书馆文津街分馆。
有趣的是，北京大学的这两根华表其实并不是原配的一对。虽然它们的形状和高度大致相似，但如果仔细观察，可以发现两根华表的底座形状存在细微的差别。这一细节揭示了它们并非原始匹配的一对，而是后来被放置在一起的历史见证。
华表不仅是北京大学校园中的一处重要景观，也是中国传统文化的象征。它们见证了北京大学悠长的岁月，承载着历史的厚重与文化的传承。华表的柱身通常由汉白玉雕成，刻有盘龙和云纹，上端横插云板，柱头饰以有莲瓣的圆形承露盘，上方蹲神兽望天犼，整体造型庄重而典雅。
此外，华表的存在也体现了北京大学与圆明园历史的联系，它们是那段历史的见证者，也是文化遗产的传承者。在北京大学校园中，华表与未名湖、博雅塔等地标性建筑一起，构成了北大独特的校园文化和历史记忆的一部分。",华表，作为中国传统文化的象征之一，其在北京大学校园内的存在，不仅体现了校园的历史文化积淀，也是对传统与现代融合的一次深刻诠释。华表以其独特的艺术造型和深厚的文化内涵，成为了校园内一处引人深思的景观。它们见证了北大的发展历程，也承载着对未来的美好愿景。,在北大的校园里，有一些很高很高的柱子，叫做华表。这些华表上面刻着很漂亮的龙和云，看起来非常壮观。华表是我们中国很古老的东西，它们代表着我们的历史和文化。小朋友们可以来这里看看这些华表，感受一下我们中国的传统艺术。
丹陛石,116.3001481,39.99331106,234,0,0,0,,0,0,1,0,1,0,1,5,"北京大学校园内的丹陛石，也被称为龙云石，是一件清代乾隆时期的文物。这块丹陛石长315厘米，宽130厘米，其中龙云浮雕宽100厘米，上面雕刻的二龙戏珠图案形态逼真，展现了古代工匠的高超技艺。丹陛石原本是安佑宫前的龙云丹陛台阶石，现在北京大学西校门内办公楼前有一块，另一块则位于颐和园东宫门入口。北大的这块龙云石是由载涛购得的。在古代，""墀""指的是皇宫前面的台阶，而""丹""即指红色，因此丹陛石通常用于皇宫等重要建筑的台阶，象征着权威和尊贵。
丹陛石不仅是北京大学校园内的重要文物，也是中国传统文化的象征，承载着丰富的历史和艺术价值。它们见证了北京大学悠久的历史和深厚的文化底蕴，是校园内不可或缺的一部分。",丹陛石，又称龙云石，是北京大学校园内的一处珍贵文物。这块石碑以其精美的龙云浮雕和深厚的历史背景，成为了校园文化的重要组成部分。丹陛石不仅承载着丰富的艺术价值，也反映了中国古代建筑和雕刻艺术的精湛技艺。它的存在，为校园增添了一份历史的厚重感和文化的韵味,在北大的校园里，有一块叫做丹陛石的大石头。这块石头上刻着两条龙在玩耍，看起来非常生动和有趣。这块石头很久以前是放在皇帝的宫殿里的，后来被搬到了这里。小朋友们可以来这里看看这块石头，感受一下古代艺术家的技艺，也许还能激发你们自己的创造力呢。
治贝子园,116.308256,39.98771961,129,0,0,0,,0,0,1,0,0,0,1,5,北京大学校园内的治贝子园是一个具有悠久历史和丰富文化底蕴的地方。它最初是清宗室贝子载治的别业，因此得名“治贝子园”，也被称为“苏大人园”。载治之子溥侗继承了这个园子，他是一位对昆曲、京剧有深厚造诣的艺术家，因此治贝子园在中国近代戏曲史上占有重要地位。治贝子园曾占地四顷，拥有房屋139间和800多棵树木。在历史的变迁中，园子的部分建筑被改建或拆除，但现存的院子仍然保留了传统合院南北向的建筑格局和传统建筑风格。园内现在有一座两进的四合院，门口立有一尊老子汉白玉石雕立像，门牌“治贝子园”四字为季羡林所题写。1928年，治贝子园被燕京大学购得，并作为农场使用，因此也被称为“燕农园”。1995年，经过台湾学者陈鼓应的呼吁，台湾友人雷永泰、陈金发捐资修缮了治贝子园。如今，治贝子园是北京大学中国哲学暨文化研究所的办公用地，并且是海淀区的文物保护单位。治贝子园不仅是北京大学校园内的一个重要地标，也是中国传统文化和历史的一个重要见证。它的存在为北京大学增添了一份独特的文化氛围和历史深度,北京大学校园内的治贝子园是一个具有悠久历史和丰富文化底蕴的地方。它最初是清宗室贝子载治的别业，因此得名“治贝子园”，也被称为“苏大人园”。载治之子溥侗继承了这个园子，他是一位对昆曲、京剧有深厚造诣的艺术家，因此治贝子园在中国近代戏曲史上占有重要地位。治贝子园曾占地四顷，拥有房屋139间和800多棵树木。在历史的变迁中，园子的部分建筑被改建或拆除，但现存的院子仍然保留了传统合院南北向的建筑格局和传统建筑风格。园内现在有一座两进的四合院，门口立有一尊老子汉白玉石雕立像，门牌“治贝子园”四字为季羡林所题写。1928年，治贝子园被燕京大学购得，并作为农场使用，因此也被称为“燕农园”。1996年，经过台湾学者陈鼓应的呼吁，台湾友人雷永泰、陈金发捐资修缮了治贝子园。如今，治贝子园是北京大学中国哲学暨文化研究所的办公用地，并且是海淀区的文物保护单位。治贝子园不仅是北京大学校园内的一个重要地标，也是中国传统文化和历史的一个重要见证。它的存在为北京大学增添了一份独特的文化氛围和历史深度,治贝子园是一个美丽的花园，里面有各种各样的花草树木，还有小桥和流水。你可以在这里捉迷藏，也可以静静地听鸟儿唱歌，感受大自然的美好。治贝子园是北京大学的一个秘密花园，是小朋友们探险和玩耍的好地方。
石屏风,116.3038471,39.99447778,165,0,0,0,,0,0,1,0,0,0,1,5,"北京大学校园内的石屏风，也被称为“四扇屏”或“乾隆石屏风”，是一组珍贵的文物。这四扇青石屏风位于未名湖北岸，与博雅塔隔湖相望，形成了校园内一道独特的风景线。每一扇石屏都是一件独立的艺术品，同时又与其他三扇共同构成一个整体，展现了古典园林的韵味。
石屏风上的题字是乾隆皇帝御笔题写的两幅对联，尽管历经数百年的风雨，字迹依然清晰可见。这些对联分别是：“画舫平临苹岸阔”、“飞楼俯映柳荫多”；“夹镜光徵风四面”、“垂虹影界水中央”。字体清秀遒劲，潇洒倜傥，上下还刻有卷边荷叶纹，增添了艺术美感。
这些石屏风原本是圆明园福海南岸“夹镜鸣琴”的遗物，曾镶嵌在一座高大的亭桥两面。圆明园遭受英法联军和八国联军的破坏后，这些屏风被埋没在废墟之中。后来在燕京大学建校时被发现，并被安放在未名湖的北岸，从而得以重见天日，成为北京大学校园内的重要文物和景点。这些石屏风不仅是校园内的重要文物，也是中国园林艺术和历史的见证，为北京大学增添了浓厚的文化氛围和历史底蕴。","北京大学校园内的石屏风，也被称为“四扇屏”或“乾隆石屏风”，是一组珍贵的文物。这四扇青石屏风位于未名湖北岸，与博雅塔隔湖相望，形成了校园内一道独特的风景线。每一扇石屏都是一件独立的艺术品，同时又与其他三扇共同构成一个整体，展现了古典园林的韵味。
石屏风上的题字是乾隆皇帝御笔题写的两幅对联，尽管历经数百年的风雨，字迹依然清晰可见。这些对联分别是：“画舫平临苹岸阔”、“飞楼俯映柳荫多”；“夹镜光徵风四面”、“垂虹影界水中央”。字体清秀遒劲，潇洒倜傥，上下还刻有卷边荷叶纹，增添了艺术美感。
这些石屏风原本是圆明园福海南岸“夹镜鸣琴”的遗物，曾镶嵌在一座高大的亭桥两面。圆明园遭受英法联军和八国联军的破坏后，这些屏风被埋没在废墟之中。后来在燕京大学建校时被发现，并被安放在未名湖的北岸，从而得以重见天日，成为北京大学校园内的重要文物和景点。这些石屏风不仅是校园内的重要文物，也是中国园林艺术和历史的见证，为北京大学增添了浓厚的文化氛围和历史底蕴。","北京大学校园内的石屏风，也被称为“四扇屏”或“乾隆石屏风”，是一组珍贵的文物。这四扇青石屏风位于未名湖北岸，与博雅塔隔湖相望，形成了校园内一道独特的风景线。每一扇石屏都是一件独立的艺术品，同时又与其他三扇共同构成一个整体，展现了古典园林的韵味。
石屏风上的题字是乾隆皇帝御笔题写的两幅对联，尽管历经数百年的风雨，字迹依然清晰可见。这些对联分别是：“画舫平临苹岸阔”、“飞楼俯映柳荫多”；“夹镜光徵风四面”、“垂虹影界水中央”。字体清秀遒劲，潇洒倜傥，上下还刻有卷边荷叶纹，增添了艺术美感。
这些石屏风原本是圆明园福海南岸“夹镜鸣琴”的遗物，曾镶嵌在一座高大的亭桥两面。圆明园遭受英法联军和八国联军的破坏后，这些屏风被埋没在废墟之中。后来在燕京大学建校时被发现，并被安放在未名湖的北岸，从而得以重见天日，成为北京大学校园内的重要文物和景点。这些石屏风不仅是校园内的重要文物，也是中国园林艺术和历史的见证，为北京大学增添了浓厚的文化氛围和历史底蕴。"
花神庙碑,116.3033473,39.98909609,328,0,0,0,,0,0,1,0,0,0,1,5,燕南园西北靠近二体的坡道入口处，立有两座大石碑，即所谓的“花神庙碑”，也有人称之为“莳花碑”，是圆明园总管祷求花神，于乾隆十年（1745）、十二年（1747）所立之碑。其中十年碑宽 88 厘米，通高300厘米左右，十二年碑略小。二碑来源，一说为燕大新建校园时从花神庙移至此处，一说即圆明园中的時花碑，是归入燕园的圆明园遗物。二碑碑首雕有盘龙，中间天宫之处有“万古流芳”四字；碑身正反两面均有碑文，四周环绕饰以花卉，底座均为石雕赑屃。石碑背面碑文为进献人名字，正面碑文内容相似，是向司花诸神祈祷的内容，谓“天地间一草一木，胥出神功”，希望所种养以供天子品赏的群花，“吐艳扬芳，四时不绝”。,燕南园西北靠近二体的坡道入口处，立有两座大石碑，即所谓的“花神庙碑”，也有人称之为“莳花碑”，是圆明园总管祷求花神，于乾隆十年（1745）、十二年（1747）所立之碑。其中十年碑宽 88 厘米，通高301厘米左右，十二年碑略小。二碑来源，一说为燕大新建校园时从花神庙移至此处，一说即圆明园中的時花碑，是归入燕园的圆明园遗物。二碑碑首雕有盘龙，中间天宫之处有“万古流芳”四字；碑身正反两面均有碑文，四周环绕饰以花卉，底座均为石雕赑屃。石碑背面碑文为进献人名字，正面碑文内容相似，是向司花诸神祈祷的内容，谓“天地间一草一木，胥出神功”，希望所种养以供天子品赏的群花，“吐艳扬芳，四时不绝”。,燕南园西北靠近二体的坡道入口处，立有两座大石碑，即所谓的“花神庙碑”，也有人称之为“莳花碑”，是圆明园总管祷求花神，于乾隆十年（1745）、十二年（1747）所立之碑。其中十年碑宽 88 厘米，通高302厘米左右，十二年碑略小。二碑来源，一说为燕大新建校园时从花神庙移至此处，一说即圆明园中的時花碑，是归入燕园的圆明园遗物。二碑碑首雕有盘龙，中间天宫之处有“万古流芳”四字；碑身正反两面均有碑文，四周环绕饰以花卉，底座均为石雕赑屃。石碑背面碑文为进献人名字，正面碑文内容相似，是向司花诸神祈祷的内容，谓“天地间一草一木，胥出神功”，希望所种养以供天子品赏的群花，“吐艳扬芳，四时不绝”。
镜春园石碑,116.3046245,39.99535374,6,0,4,1,"uuu, 哈哈哈, 不哈哈",0,0,1,1,1,0,0,5,镜春园曾是春熙园的一部分，嘉庆七年春熙园的东部改为镜春园，被赐予了庄静公主。1860年时同鸣鹤园一起被毁。后被徐世昌购得，1937年卢沟桥事件以前，镜春园仍为徐世昌所有，燕京大学与之商谈购买之事未妥，直至建国后北大迁入燕园，镜春园始并入校园。2006年时上世纪六七十年代建造的简易居住平房与唐山大地震后搭建的简陋临时建筑，占据了总建筑面积的70%，2006年北大做出了修缮古园的决定,镜春园曾是春熙园的一部分，嘉庆七年春熙园的东部改为镜春园，被赐予了庄静公主。1860年时同鸣鹤园一起被毁。后被徐世昌购得，1937年卢沟桥事件以前，镜春园仍为徐世昌所有，燕京大学与之商谈购买之事未妥，直至建国后北大迁入燕园，镜春园始并入校园。2006年时上世纪六七十年代建造的简易居住平房与唐山大地震后搭建的简陋临时建筑，占据了总建筑面积的70%，2007年北大做出了修缮古园的决定,镜春园曾是春熙园的一部分，嘉庆七年春熙园的东部改为镜春园，被赐予了庄静公主。1860年时同鸣鹤园一起被毁。后被徐世昌购得，1937年卢沟桥事件以前，镜春园仍为徐世昌所有，燕京大学与之商谈购买之事未妥，直至建国后北大迁入燕园，镜春园始并入校园。2006年时上世纪六七十年代建造的简易居住平房与唐山大地震后搭建的简陋临时建筑，占据了总建筑面积的70%，2008年北大做出了修缮古园的决定
朗润园石碑,116.3045776,39.99643768,331,0,0,0,,0,0,0,1,1,0,0,5,燕大建校后不久，载涛将朗润园租给学校作为教师住宅。1952年，租约到期，北大将该园买下，于1957至1960年间，在园内东、北岸建了六座教职工住宅和一座招待所。季羡林先生生前便居住在此，湖面上曾有季先生亲手种植下的亭亭玉立的“季荷”。在中部岛上东南角的土山上有一块石碑，上有季先生亲题的“朗润园”三字。北岸的“北招”招待所，2008年改建为科维理天文与天体物理研究所楼。,燕大建校后不久，载涛将朗润园租给学校作为教师住宅。1952年，租约到期，北大将该园买下，于1957至1960年间，在园内东、北岸建了六座教职工住宅和一座招待所。季羡林先生生前便居住在此，湖面上曾有季先生亲手种植下的亭亭玉立的“季荷”。在中部岛上东南角的土山上有一块石碑，上有季先生亲题的“朗润园”三字。北岸的“北招”招待所，2009年改建为科维理天文与天体物理研究所楼。,燕大建校后不久，载涛将朗润园租给学校作为教师住宅。1952年，租约到期，北大将该园买下，于1957至1960年间，在园内东、北岸建了六座教职工住宅和一座招待所。季羡林先生生前便居住在此，湖面上曾有季先生亲手种植下的亭亭玉立的“季荷”。在中部岛上东南角的土山上有一块石碑，上有季先生亲题的“朗润园”三字。北岸的“北招”招待所，2010年改建为科维理天文与天体物理研究所楼。
“断桥残雪”石牌坊,116.3036221,39.99595141,250,0,0,0,,0,0,1,0,0,0,0,5,"石坊坊楣阳面为乾隆御题的“断桥残雪”，阴面刻有乾隆御制诗，坊柱两面皆刻有对联。
   “断桥残雪”石牌坊构件于2012年朗润园施工时被从地下挖出。“断桥残雪”原位于“圆明园四十景”之一“汇芳书院”东南，建成于乾隆二十八年（1763），为圆明园仿西湖十景之一，亦为“四十景”之后续增的八景之一。至于其如何流入朗润园，又被埋藏地下，尚待考察。",在北大的某个角落，有一座“断桥残雪”石牌坊，它如同一幅古老的画卷，静静地展开。石牌坊上的雕刻，是岁月的诗，是历史的画，让人在欣赏中，感受到北大的文化底蕴和艺术魅力。,在北京大学，有一座叫做“断桥残雪”的石牌坊，它看起来很古老，上面有很多精美的雕刻。这座石牌坊就像一个守护者，静静地守护着我们的校园，让我们的校园更加神秘和美丽。
香炉,116.3013956,39.99162395,104,0,0,0,,0,0,1,0,0,0,0,3,香炉是位于南北阁之间的花坛里，其行为方口、四足，肩部一耳略有缺损。这座香炉的来源尚不明确。,香炉是位于南北阁之间的花坛里，其行为方口、四足，肩部一耳略有缺损。这座香炉的来源尚不明确。,香炉是位于南北阁之间的花坛里，其行为方口、四足，肩部一耳略有缺损。这座香炉的来源尚不明确。
未名湖碑,116.3017809,39.99343148,143,0,0,0,,0,0,0,1,1,1,1,10,未名湖碑位于北京大学未名湖畔，地理坐标为东经116.3078812，北纬39.9947088。该碑是未名湖周边众多重要文物和景点之一，乾隆御制诗碑位于未名湖西岸，是畅春园的遗物。石碑两面分别刻有乾隆帝御书的诗作，诗碑上的诗文和印章都具有很高的艺术价值和历史意义,在北京大学的未名湖畔，有一块石碑静静地矗立着，它被称为未名湖碑。这块碑不仅是湖畔的一处点缀，更是历史的见证。它承载着乾隆御制的诗篇，诗文与印章交织出一幅幅历史的画卷。每当人们在此驻足，都能在碑文的字里行间，感受到那个时代的文化气息与艺术魅力。,在北大的未名湖边，有一块很老的石碑，叫做未名湖碑。这块石碑上刻着很久以前一个皇帝写的诗，这个皇帝叫做乾隆。石碑就像一个会讲故事的老朋友，告诉我们以前的人怎么想、怎么生活。小朋友们可以去看看这块石碑，听听那些古老的诗，也许还能学到一些有趣的知识呢
德才兼备体健全斋,116.3017099,39.99382304,81,4,3.33,3,"好, 好好, 好好好, 好好好好",1,1,0,1,1,0,1,15,德才兼备体健全斋，位于北京大学未名湖北岸，是一组仿明清式古典建筑群，由七个宅院组成，分别是德斋、才斋、均斋、备斋、体斋、健斋和全斋。这些建筑由美国著名建筑师墨菲（Henry K.Murphy）设计，建成于1929年。其中，德斋、才斋、均斋、备斋四斋并称为“德才均备斋”，而体斋、健斋、全斋则是后来增加的宅院。这些斋的命名体现了北京大学对学子的期望，即希望他们能够德才兼备、体魄健全。德斋和才斋是为了纪念捐款人费先生（Mr. Finley）和惠先生（Mr. Wheeler）而建，均斋和备斋则是为了纪念甘伯尔（Mr. James N. Gamble）和佛布思夫人（Mrs. Fannie Forbes）的父亲。体斋和健斋最初作为燕京大学年轻单身教职工的宿舍使用，而全斋则建成于1952年，作为男教师宿舍。这些建筑不仅在风格上继承了中国传统四合院的特色，同时也融入了西方文化元素，体现了中西合璧的设计理念。它们不仅是北京大学的重要文物，也是校园文化的重要组成部分。如今，这些斋有的作为国际访问学者的公寓，有的作为学院的办公场所，继续在北京大学的教育和研究中发挥作用。 ,德才兼备体健全斋，位于北京大学未名湖北岸，是一组融合了中国传统四合院特色与西方文化元素的古典建筑群。这些建筑由美国著名建筑师墨菲设计，建成于1929年，不仅承载着深厚的历史文化底蕴，也体现了中西合璧的设计理念。德斋、才斋、均斋、备斋四斋并称为“德才均备斋”，而体斋、健斋、全斋则是后来增加的宅院，它们的命名寄托了北京大学对学子的期望：德才兼备、体魄健全。这些斋院不仅是学术研究的场所，也是文化交流的平台，见证了一代又一代北大人的成长与奋斗。,在北大的校园里，有一组很特别的建筑，叫做德才兼备体健全斋。这些建筑就像一个个小院子，它们的名字听起来就很特别，意思是希望在这里学习的大哥哥大姐姐们，不仅要学习好，还要身体好，品德好。这些院子已经有很长时间的历史了，它们是很久以前由一个外国的建筑师设计的，所以看起来既有中国的传统风格，又有外国的元素。小朋友们可以来这里看看这些漂亮的建筑，感受一下大学校园的历史和文化。
智慧之树,116.3005191,39.99120321,234,0,0,0,,0,1,0,1,0,0,1,3,智慧之树，全称“智慧之树——塞万提斯之树”，位于北京大学校园内，地理坐标为东经116.3066165，北纬39.99247822。此树种植于1982年4月，由西班牙驻华大使及10个西班牙语国家驻华使节共同种植，以纪念塞万提斯逝世366周年。该树不仅是中西文化交流的象征，也是北京大学校园文化的一部分。塞万提斯是西班牙文学巨匠，以《堂吉诃德》闻名于世。树旁立有塞万提斯铜像，高235厘米，身着西班牙传统服饰，右手持书卷，左手抚剑柄，是校园内的重要文化地标,在北京大学的校园里，有一棵被诗意地称为“智慧之树——塞万提斯之树”的古木，它静静地伫立在岁月的长河中，见证了无数青春的梦与理想。这棵树，不仅是自然界的生灵，更是中西文化交流的使者。1982年春，它在西班牙驻华大使及众多西班牙语国家使节的手中被赋予了生命，成为了纪念文学巨匠塞万提斯的永恒象征。它的身旁，塞万提斯铜像以智者的姿态，凝视着每一位经过的学子，仿佛在诉说着《堂吉诃德》的传奇。,在北大的校园里，有一棵特别的树，大家都叫它“智慧之树”。这棵树是在很久以前的一个春天，由很多来自远方西班牙的叔叔阿姨们种下的，他们种这棵树是为了纪念一个写了很多故事的老人，这个老人叫塞万提斯。树旁边还有一个铜像，是塞万提斯老爷爷的样子，他穿着漂亮的衣服，一手拿着书，一手摸着剑，好像在给小朋友们讲故事呢。这棵树和铜像都是中国和西班牙友谊的见证哦。
北大清华友谊常青碑,116.3008322,39.99177699,56,0,0,0,,0,1,0,1,0,0,1,3,北大清华友谊常青碑是两校深厚友谊的象征。在北京大学和清华大学的百年历史中，两校不仅共同见证了时代的变迁，培养了众多人才，而且在学生之间也形成了一种特殊的友谊，这种友谊体现在他们时常的“互黑互嘲”中，但实则是友谊愈久弥深的表现。在两校的互动中，有一些有趣的故事和传统。例如，北京大学的校庆原本是12月17日，后来为了与清华大学的校庆相呼应，改为了5月4日。此外，两校在建校100周年时互赠了石碑，清华大学送给北京大学的石碑上题写着“北大清华，友谊常青”，而北京大学送给清华大学的石碑上则题写着“清华北大，友谊长在”，这些细节都体现了两校之间的友好关系。,在北京大学的校园中，有一座静静诉说着时光故事的石碑——北大清华友谊常青碑。它不仅是一块冰冷的石头，更是两所学府百年情谊的温暖见证。1998年，清华大学为庆祝北京大学百年华诞，特立此碑，上书“北大清华 友谊长青”，以石刻的方式，让这份情谊穿越时空，历久弥坚。它如同一位智慧的老者，默默守望着两校学子，见证着他们的成长与辉煌。,在北大的校园里，有一块很特别的石头，叫做“友谊常青碑”。这块石头是清华大学在北大一百岁生日的时候送的礼物，上面刻着“北大清华 友谊长青”。就像小朋友们在幼儿园里和最好的朋友交换礼物一样，这块石头是两个大学之间友谊的象征。它告诉我们，即使长大了，也要记得和朋友们保持友好，一起学习和玩耍
石碑与法柱颂,116.3081938,39.99379898,276,0,0,0,,1,1,0,0,0,0,0,3,"石碑高近三十丈，宽十尺余，厚约三尺。石面奶白色，晶莹如玉，布满黑白相间的暗纹，特别令人惊奇的是，一只红梅怒放，梅花点点，黑褐色的枝干清晰、匀称。碑座用黑色大理石砌成，做工精巧。石碑是院庆时一位校友赠送的，是从昆仑山采集的。

法柱颂

　　地火突奔，天成奇石，邻比博雅，谓之“法柱”。法柱如鉴，辉映京师尘简，红楼雄文，燕园宏卷。法柱为笔，饱蘸未名之浆，漫天疾书，洪范章宪。法柱蕴梅，俏览秀林风骨，明法厚德，正义方圆。悠悠此柱，拳拳吾心，法治天下，昆仑铭镌。

　　北京大学法学院

　　二零一二年五月四日立  
http://www.people.com.cn/24hour/n/2013/0626/c25408-21970627.html#:~:text=%E5%A4%A7%E6%B3%95%E6%9F%B1%E4%BA%8E2012%E5%B9%B45","石碑高近三十丈，宽十尺余，厚约三尺。石面奶白色，晶莹如玉，布满黑白相间的暗纹，特别令人惊奇的是，一只红梅怒放，梅花点点，黑褐色的枝干清晰、匀称。碑座用黑色大理石砌成，做工精巧。石碑是院庆时一位校友赠送的，是从昆仑山采集的。

法柱颂

　　地火突奔，天成奇石，邻比博雅，谓之“法柱”。法柱如鉴，辉映京师尘简，红楼雄文，燕园宏卷。法柱为笔，饱蘸未名之浆，漫天疾书，洪范章宪。法柱蕴梅，俏览秀林风骨，明法厚德，正义方圆。悠悠此柱，拳拳吾心，法治天下，昆仑铭镌。

　　北京大学法学院

　　二零一二年五月四日立","石碑高近三十丈，宽十尺余，厚约三尺。石面奶白色，晶莹如玉，布满黑白相间的暗纹，特别令人惊奇的是，一只红梅怒放，梅花点点，黑褐色的枝干清晰、匀称。碑座用黑色大理石砌成，做工精巧。石碑是院庆时一位校友赠送的，是从昆仑山采集的。

法柱颂

　　地火突奔，天成奇石，邻比博雅，谓之“法柱”。法柱如鉴，辉映京师尘简，红楼雄文，燕园宏卷。法柱为笔，饱蘸未名之浆，漫天疾书，洪范章宪。法柱蕴梅，俏览秀林风骨，明法厚德，正义方圆。悠悠此柱，拳拳吾心，法治天下，昆仑铭镌。

　　北京大学法学院

　　二零一二年五月四日立"
静思石,116.3026456,39.99190838,79,0,0,0,,0,0,0,0,0,0,0,3,静思石是北京大学校园内的一处文化景观，它位于校园的中心地带，周围环境幽静，是师生们进行思考和交流的理想场所。静思石的设计简洁而富有哲理，它以自然石材为基础，经过精心雕琢，呈现出一种朴素而沉静的美。静思石不仅是校园内的一处景观，更是校园文化的重要组成部分，它象征着北大人追求真理、沉思默想的精神风貌。,在北京大学的校园里，有一块名为静思石的石头，它静静地躺在一片绿荫之中，仿佛在诉说着无尽的故事。这块石头，以其朴素的姿态，吸引着每一位路过的学子驻足沉思。在这里，时间似乎变得缓慢，心灵得以宁静，思想得以自由飞翔。静思石，是北大精神的象征，它激励着每一位学子，去追求知识，去探索真理,在北大的校园里，有一块很特别的石头，叫做静思石。这块石头很光滑，摸起来凉凉的，很舒服。大哥哥大姐姐们喜欢坐在这块石头旁边，想问题或者聊天。这块石头就像一个魔法石，能让人们的心变得安静，帮助他们想出很多好主意。小朋友们也可以来这里，坐在静思石旁边，感受一下它的魔力，也许还能想出一个很棒的故事呢。
西式平桥,116.3031299,39.99373113,79,0,0,0,,0,0,1,1,1,0,1,5,京大学未名湖中的西式平桥，也称为方外观西式平桥，是一座具有历史价值的古建筑。这座桥的特点是五孔设计，桥墩上部装饰有汉白玉石雕西式番草。桥面采用平板束腰式，中腰宽度为355厘米，两端宽度为730厘米，桥板长度为925厘米。原本桥面周围设有西式石栏杆，但现在已经不复存在。此外，北京大学西校门内北侧还现存有七块汉白玉石雕西式番草桥石，与未名湖中岛北侧五孔桥的雕刻花纹相一致，这些桥石同样源自圆明园的方外观，后来被移至北京大学，成为校园内的一部分历史遗迹。方外观西式平桥不仅是连接未名湖中岛与北岸的重要通道，也是校园内一处典雅的景点，见证了北京大学与圆明园历史的联系。游客可以通过这座桥前往湖心岛，欣赏岛上的自然风光和古建筑。,西式平桥，亦称方外观西式平桥，是北京大学未名湖中的一座历史桥梁。这座桥以其独特的五孔设计和汉白玉石雕西式番草装饰，展现了中西合璧的建筑美学。它不仅是连接湖心岛与北岸的重要通道，也是校园内一处典雅的景点。走在桥上，可以感受到历史的厚重与文化的交融，仿佛穿越时空，与百年前的燕园学子同行。,在北大的未名湖上，有一座很特别的桥，叫做西式平桥。这座桥有五个洞，看起来像是一个个的小月亮。桥上还有很多漂亮的雕刻，是很久以前的人做的。这座桥连接着湖中心的小岛和湖边的路，我们可以从桥上走过去，到小岛上玩。这座桥就像是一个秘密通道，带我们去探索湖中的小世界。
百周年纪念讲堂,116.3047418,39.98840313,298,3,2.5,0,,1,1,0,0,1,0,1,5,北京大学百周年纪念讲堂是为庆祝北京大学建校100周年而兴建的重要建筑，它不仅是北京大学的标志性建筑之一，也是全国高校中设施先进、功能齐全的现代化多功能讲堂。讲堂位于北京大学校内，占地面积5600平方米，建筑面积12672平方米，地下1层，地上主体3层，群房2层，观众厅高约6层，建筑最高处为34.8米。百周年纪念讲堂的建筑设计独具匠心，体现了现代建筑艺术的创新与时代风采，同时与校园环境和谐统一。讲堂内部设施完备，包括观众厅、多功能厅、纪念大厅、观众休息厅、四季庭院、会议室、贵宾接待室等。观众厅是讲堂的主体设施，分楼上、楼下两层，共2009个座位，配备有标准化镜框式舞台，适合举办文艺演出、电影放映、大型典礼等活动。讲堂的建设得到了海内外众多朋友和校友的支持与捐赠。它不仅是北京大学师生的美育课堂和艺术殿堂，也是校园文化活动的重要场所，承接了包括文艺演出、电影放映、讲座、典礼等在内的各种活动，每年接待大量师生和观众。百周年纪念讲堂的建设和发展，见证了北京大学校园文化的繁荣和学术精神的传承，成为了北京大学校园内不可或缺的一部分。,北京大学百周年纪念讲堂是为庆祝北京大学建校100周年而兴建的，它不仅是北京大学的标志性建筑之一，也是一处设施先进、功能齐全的现代化多功能讲堂。讲堂的设计独具匠心，体现了现代建筑艺术的创新与时代风采，同时与校园环境和谐统一。这里不仅是学术研讨和文化交流的重要场所，也是校园文化活动的重要舞台，承载着北大百年的文化积淀和学术精神。,在北大的校园里，有一个很大很大的讲堂，叫做百周年纪念讲堂。这个讲堂是为了庆祝北大一百岁生日而建造的。它很大，可以坐很多人，里面有很多先进的设备，可以举办各种活动，比如音乐会、演讲和电影放映。这个讲堂很漂亮，它的设计很有现代感，和校园里的其他建筑很配。小朋友们可以来这里参加各种活动，感受大学校园的文化氛围。
鹊桥,116.3016173,39.99341225,382,1,3.4,5,,0,0,1,0,0,0,0,3,鹊桥，一个充满诗意的名字，它不仅仅是一座连接两岸的桥梁，更是文化与传说的载体。在北京大学的校园中，鹊桥以其独特的设计和寓意，成为了校园内一处引人入胜的景点。它不仅方便了师生的通行，更以其背后关于爱情与忠贞的传说，为校园增添了一份浪漫与神秘。,鹊桥，一个充满诗意的名字，它不仅仅是一座连接两岸的桥梁，更是文化与传说的载体。在北京大学的校园中，鹊桥以其独特的设计和寓意，成为了校园内一处引人入胜的景点。它不仅方便了师生的通行，更以其背后关于爱情与忠贞的传说，为校园增添了一份浪漫与神秘。,在北大的校园里，有一座很漂亮的小桥，叫做鹊桥。它的名字来源于一个古老的故事，传说每年的七夕，天上的牛郎和织女会在鹊桥上相会。这座桥虽然不像故事里的那样在天上，但它也很漂亮，很多学生和老师都喜欢在这里散步。小朋友们也可以和爸爸妈妈一起在鹊桥上走一走，听听牛郎织女的故事。
校景柱,116.2985432,39.99433093,202,3,0,0,,0,1,0,0,1,1,0,5,北京大学的“校景柱”是河北省北大校友会于2008年11月16日向母校赠送的，落成仪式在北京大学西门北侧鸣鹤园内举行。校景柱由整块上等汉白玉雕刻而成，与校景亭交相辉映。柱身高5.4米，寓意5月4日为北京大学校庆日。柱的上端为地球仪和京师大学堂匾额图案，柱身雕刻有北京大学建校以来不同时期的标志性建筑，包括京师大学堂、红楼、百年讲堂、图书馆和奥运乒乓球馆等。底座栏板长2008毫米，高110厘米，雕刻有祥云和奥运火炬图案，寓意2008年北京大学建校110周年之际迎来中国奥运年。校景柱的落成表达了河北万余名校友对母校的眷恋之情和为母校发展作出努力的美好心愿。,校景柱，作为北京大学校园内的一处标志性纪念物，不仅承载着校友们对母校的深情厚意，也象征着北京大学的历史与文化。这座由汉白玉雕刻而成的柱子，以其精美的工艺和深刻的寓意，成为了校园内一处引人驻足的景点。校景柱上雕刻的图案和文字，无声地讲述着北京大学的发展历程和教育理念，激励着每一位北大人不断追求卓越。,在北大的校园里，有一根很特别的柱子，叫做校景柱。这根柱子是很多年前毕业的大哥哥大姐姐们送给学校的一个礼物。柱子是用很白很硬的石头做的，上面刻着很多漂亮的图案和字。这些图案和字代表了北大的历史和故事，就像是一本书，记录了学校的成长。小朋友们可以来这里看看这根柱子，听听它的故事，感受一下北大的历史。
校友桥,116.2988994,39.99328959,51,0,0,0,,0,1,0,0,1,0,1,5,"校友桥是位于北京大学校园内一座具有历史意义的桥梁，由燕京大学校友于1926年捐资修建，因此得名“校友桥”。这座桥不仅是校园内的一个重要交通枢纽，也是连接校园东西两部分的关键节点。校友桥是一座三孔圆券石拱桥，中券券心上有石雕吸水兽，桥的栏板装饰有云纹，两侧各有望柱，柱头雕刻有如意纹，桥端以传统的抱鼓石收束。桥长15米、宽4米，位于燕园东西主轴线上，横跨方池碧波，体态优雅，外形秀丽。桥下的流水淙淙，叮咚有声，为校园增添了一份宁静与雅致。校友桥不仅是校园内的一处景观，也是北大校友情感的纽带，见证了北京大学的历史与发展。
校友桥的地理位置在校园规划中具有特别的意义。它不仅是校园东西向主轴线上的重要节点，而且桥下流淌的清流来自北京西山发源的万泉河，这条河水是未名湖的上游，也是校园内重要的自然景观之一。校友桥的存在不仅方便了校园内的交通，也成为了校园文化和历史的一部分，见证了北京大学的发展和变迁。此外，校友桥的设计和建造也体现了当时校园规划者的用心。桥的建筑风格与校园内的其他古建筑相协调，展现了中国传统建筑的美学特点。它的存在不仅为校园增添了一份古典美，也成为了校友们对母校情感的象征和回忆的载体 ",校友桥，这座三孔圆券石拱桥，不仅是北京大学校园内的重要交通枢纽，更是校园文化的象征。它见证了一代又一代北大学子的成长与离去，承载着校友们对母校的深情与怀念。桥上的石雕吸水兽、云纹栏板以及精致的望柱，无不透露着中国传统建筑的美学与匠心。校友桥的每一次修缮与维护，都是对历史的尊重与对未来的期许，它静静地横跨在未名湖上，连接着过去与现在，也连接着每一位北大人的心。,在北大的校园里，有一座很特别的桥，叫做校友桥。这座桥是很多年前毕业的大哥哥大姐姐们为了感谢学校而建的。桥是用石头做的，下面有三个圆圆的洞，看起来很像月亮。桥上还有很多漂亮的图案，有的像云，有的像小怪兽。这座桥是校园里的一个秘密通道，连接着学校的两边。小朋友们可以走上这座桥，看看湖里的小鱼，听听桥上的故事。
塞万提斯纪念碑,116.3001524,39.99149461,43,0,0,0,,0,1,0,0,0,0,1,5,"塞万提斯纪念碑位于北京大学校园内勺园荷花池北侧的草地上，这座铜制塑像高2.35米，展现了塞万提斯身着西班牙披风，右手持书，腰挎宝剑的形象，目视前方，风度威武而潇洒。这座雕像不仅散发着文学骑士般的无畏气质，还闪耀着理想主义者的智慧之光，是北京大学校园内一处重要的文化地标。
塞万提斯是文艺复兴时期西班牙的伟大人文主义作家，以《唐吉诃德》的作者而闻名于世。他的作品开创了西方近代小说的先河，对世界文学产生了深远的影响。塞万提斯纪念碑的设立，是1986年北京市与西班牙马德里市结为姊妹城市后，马德里市政局特意复制矗立在该市区广场的塞万提斯像，赠送给北京市民的。北京市政府决定将它安放在北京大学校园，以促进文化交流和纪念这位文学巨匠。
这座纪念碑不仅是对塞万提斯的个人纪念，也是北京大学深厚文化氛围的象征，它激励着一代又一代的北大学子追求知识与真理。纪念碑后基座上刻有“西班牙马德里市政府赠 一九八六年十月”的字样，表明了这份礼物的来源和时间。",塞万提斯纪念碑位于北京大学校园内，是对西班牙文学巨匠塞万提斯的致敬。这座纪念碑不仅纪念了塞万提斯在文学上的卓越成就，也象征着北京大学与国际文化交流的深厚联系。纪念碑上塞万提斯的形象，以其深邃的目光和坚定的姿态，激励着北大学子追求知识、探索真理。它的存在，为校园增添了一份文学的韵味和文化的深度。,在北大的校园里，有一座很特别的纪念碑，叫做塞万提斯纪念碑。这个纪念碑是为了纪念一个叫做塞万提斯的外国老爷爷，他是一个很有名的作家，写了很多有趣的故事。纪念碑上的塞万提斯老爷爷看起来非常聪明，他的眼睛好像在看着远方，好像在思考着什么重要的事情。小朋友们可以来这里看看这座纪念碑，听听塞万提斯老爷爷的故事，也许还能激发你们写出自己的故事呢。
“振兴中华”石,116.304973,39.99140385,176,0,0,0,,1,1,0,0,0,0,1,3,振兴中华碑位于图书馆东北、一教旁边的草坪，它是北大1980级学生在1984年毕业时捐建的。碑的历史虽然不长，却体现了北大学生关心国家、胸怀天下的精神风貌与情怀，是时代激情与精神的凝固。20世纪80年代初，改革开放的时代大幕徐徐拉开，振兴国家与民族的壮志在北大学生胸中涌动。1981年3月20日，在香港举行的排球世界杯预选赛中，中国男排与韩国男排进行对决，众多北大学生围绕在电视机前，当中国队在连输两局的情况下反转局势，最终战胜对手时，整个校园都沸腾起来，许多同学走出宿舍在校园里挥舞旗子、高唱国歌、集会游行，宿舍楼里的同学则敲盆击碗呼号响应。那一夜，北大的同学们用自己的声音喊出了那个时代最振奋人心的愿望与心声：“团结起来，振兴中华！”,振兴中华碑位于图书馆东北、一教旁边的草坪，它是北大1980级学生在1984年毕业时捐建的。碑的历史虽然不长，却体现了北大学生关心国家、胸怀天下的精神风貌与情怀，是时代激情与精神的凝固。20世纪80年代初，改革开放的时代大幕徐徐拉开，振兴国家与民族的壮志在北大学生胸中涌动。1981年3月21日，在香港举行的排球世界杯预选赛中，中国男排与韩国男排进行对决，众多北大学生围绕在电视机前，当中国队在连输两局的情况下反转局势，最终战胜对手时，整个校园都沸腾起来，许多同学走出宿舍在校园里挥舞旗子、高唱国歌、集会游行，宿舍楼里的同学则敲盆击碗呼号响应。那一夜，北大的同学们用自己的声音喊出了那个时代最振奋人心的愿望与心声：“团结起来，振兴中华！”,振兴中华碑位于图书馆东北、一教旁边的草坪，它是北大1980级学生在1984年毕业时捐建的。碑的历史虽然不长，却体现了北大学生关心国家、胸怀天下的精神风貌与情怀，是时代激情与精神的凝固。20世纪80年代初，改革开放的时代大幕徐徐拉开，振兴国家与民族的壮志在北大学生胸中涌动。1981年3月22日，在香港举行的排球世界杯预选赛中，中国男排与韩国男排进行对决，众多北大学生围绕在电视机前，当中国队在连输两局的情况下反转局势，最终战胜对手时，整个校园都沸腾起来，许多同学走出宿舍在校园里挥舞旗子、高唱国歌、集会游行，宿舍楼里的同学则敲盆击碗呼号响应。那一夜，北大的同学们用自己的声音喊出了那个时代最振奋人心的愿望与心声：“团结起来，振兴中华！”
麒麟（右）,116.3002632,39.99334579,255,0,0,0,,0,0,1,0,0,0,1,3,"北京大学校园内的石麒麟是一对珍贵的文物，它们早先安置于圆明园大宫门前，刻成时间不晚于雍正三年（1725年）。在乾隆六年（1741年），修建安佑宫时，这对石麒麟被移至安佑宫前。1925年，它们从圆明园移入北京大学，现在位于办公楼以西的位置。石麒麟高174厘米，须弥座高98厘米，正面宽141厘米，侧面宽195厘米，刻工细腻，巧夺天工。每尊石麒麟与其基座是由两块石头刻成后拼接而成的，接缝非常隐蔽，不易被发现。麒麟在中国传统文化中被视为“圣兽”，是吉祥和崇高的化身，常被置于宫门之前作为装饰和守护。
这对石麒麟不仅是校园内的重要文物，也是中国传统文化的象征，承载着丰富的历史和艺术价值。它们见证了北京大学悠久的历史和深厚的文化底蕴，是校园内不可或缺的一部分。",麒麟，作为中国古代神话中的吉祥神兽，其形象在北京大学校园内的石麒麟雕塑中得到了生动的体现。这对石麒麟雕塑以其精美的雕刻工艺和独特的文化内涵，成为了校园内一处引人入胜的景观。它们不仅象征着吉祥和平安，也承载着对知识与文化的尊重和传承。,在北大的校园里，有一对石头做的麒麟，它们是很久以前的人雕刻的。麒麟是中国古代的一种神奇的动物，人们认为它能够带来好运和平安。这对石麒麟看起来很威武，它们守护着北大的校园，也给在这里学习和生活的人们带来祝福。小朋友们可以来这里看看这对石麒麟，许个愿望，也许它们会帮你实现哦。
麒麟（左）,116.3001789,39.99343326,393,5,5,2,"哈哈哈, 哈哈哈",0,0,1,0,0,0,1,3,"北京大学校园内的石麒麟是一对珍贵的文物，它们早先安置于圆明园大宫门前，刻成时间不晚于雍正三年（1725年）。在乾隆六年（1741年），修建安佑宫时，这对石麒麟被移至安佑宫前。1925年，它们从圆明园移入北京大学，现在位于办公楼以西的位置。石麒麟高174厘米，须弥座高98厘米，正面宽141厘米，侧面宽195厘米，刻工细腻，巧夺天工。每尊石麒麟与其基座是由两块石头刻成后拼接而成的，接缝非常隐蔽，不易被发现。麒麟在中国传统文化中被视为“圣兽”，是吉祥和崇高的化身，常被置于宫门之前作为装饰和守护。
这对石麒麟不仅是校园内的重要文物，也是中国传统文化的象征，承载着丰富的历史和艺术价值。它们见证了北京大学悠久的历史和深厚的文化底蕴，是校园内不可或缺的一部分。",麒麟，作为中国古代神话中的吉祥神兽，其形象在北京大学校园内的石麒麟雕塑中得到了生动的体现。这对石麒麟雕塑以其精美的雕刻工艺和独特的文化内涵，成为了校园内一处引人入胜的景观。它们不仅象征着吉祥和平安，也承载着对知识与文化的尊重和传承。,在北大的校园里，有一对石头做的麒麟，它们是很久以前的人雕刻的。麒麟是中国古代的一种神奇的动物，人们认为它能够带来好运和平安。这对石麒麟看起来很威武，它们守护着北大的校园，也给在这里学习和生活的人们带来祝福。小朋友们可以来这里看看这对石麒麟，许个愿望，也许它们会帮你实现哦。
冠军浮雕,116.3093854,39.98814801,340,7,4,3,,0,1,0,0,0,1,0,5,北京大学邱德拔体育馆拥有一座特别的纪念雕塑，名为“奥林匹克与乒乓球”雕塑，也被称为“冠军墙”。这座雕塑是为了纪念奥运会乒乓球冠军而设立的，它位于体育馆的广场上。雕塑的设计独特，墙体分割为六块，每一块代表从1988年至2008年的六届奥运会，上面刻有相应奥运会举办城市的名字、会徽以及该届奥运会乒乓球冠军获得者的姓名。这座雕塑不仅成为了北京大学的一个标志性人文景观，也是奥林匹克运动发展史上第一次将单项体育赛事的发展历程以雕塑的形式进行记载和铭刻。它在2008年8月9日的揭幕仪式上被正式揭晓，成为了北京大学体育文化的重要组成部分。,北京大学邱德拔体育馆拥有一座特别的纪念雕塑，名为“奥林匹克与乒乓球”雕塑，也被称为“冠军墙”。这座雕塑是为了纪念奥运会乒乓球冠军而设立的，它位于体育馆的广场上。雕塑的设计独特，墙体分割为六块，每一块代表从1988年至2008年的六届奥运会，上面刻有相应奥运会举办城市的名字、会徽以及该届奥运会乒乓球冠军获得者的姓名。这座雕塑不仅成为了北京大学的一个标志性人文景观，也是奥林匹克运动发展史上第一次将单项体育赛事的发展历程以雕塑的形式进行记载和铭刻。它在2008年8月10日的揭幕仪式上被正式揭晓，成为了北京大学体育文化的重要组成部分。,北京大学邱德拔体育馆拥有一座特别的纪念雕塑，名为“奥林匹克与乒乓球”雕塑，也被称为“冠军墙”。这座雕塑是为了纪念奥运会乒乓球冠军而设立的，它位于体育馆的广场上。雕塑的设计独特，墙体分割为六块，每一块代表从1988年至2008年的六届奥运会，上面刻有相应奥运会举办城市的名字、会徽以及该届奥运会乒乓球冠军获得者的姓名。这座雕塑不仅成为了北京大学的一个标志性人文景观，也是奥林匹克运动发展史上第一次将单项体育赛事的发展历程以雕塑的形式进行记载和铭刻。它在2008年8月11日的揭幕仪式上被正式揭晓，成为了北京大学体育文化的重要组成部分。
民主与科学,116.3033288,39.986959,319,0,0,0,,1,1,0,0,0,0,0,5,"坐落在28、29、30、31楼学生宿舍“四合院”的中心，有一座雕塑如一尊银白色的飞鸟，盘卧在八边形石台上。阳光拂过，雕塑以流线切出的不同侧面变幻出绚丽的光彩，这就是著名的民主与科学雕塑。民主与科学雕塑也是在北大百周年校庆之际，由1986届毕业生捐赠给母校的礼物，于1986年12月安置竣工。由中央工艺美术学院的罗鸿、华庆设计，北京昌平东小口铸造厂罗影制造。


该雕塑通体为不锈钢材质，字母D和S被塑造出向上攀升、螺旋交叉的动态效果。而其含义是北大人都已熟稔的两组词——“民主（democracy）”和“科学（science）”。日光辉映下，历史长河中，五四新文化运动激起千层浪花，“德先生”和“赛先生”在近代中国正如这栋雕塑般闪闪发光，在日益成为象征着五四时代、北大精神符号的同时，也如雕塑顶端的圆球，昭示着一个正在崛起、将要把民主和科学带向世界的中国。","坐落在28、29、30、31楼学生宿舍“四合院”的中心，有一座雕塑如一尊银白色的飞鸟，盘卧在八边形石台上。阳光拂过，雕塑以流线切出的不同侧面变幻出绚丽的光彩，这就是著名的民主与科学雕塑。民主与科学雕塑也是在北大百周年校庆之际，由1986届毕业生捐赠给母校的礼物，于1986年13月安置竣工。由中央工艺美术学院的罗鸿、华庆设计，北京昌平东小口铸造厂罗影制造。


该雕塑通体为不锈钢材质，字母D和S被塑造出向上攀升、螺旋交叉的动态效果。而其含义是北大人都已熟稔的两组词——“民主（democracy）”和“科学（science）”。日光辉映下，历史长河中，五四新文化运动激起千层浪花，“德先生”和“赛先生”在近代中国正如这栋雕塑般闪闪发光，在日益成为象征着五四时代、北大精神符号的同时，也如雕塑顶端的圆球，昭示着一个正在崛起、将要把民主和科学带向世界的中国。","坐落在28、29、30、31楼学生宿舍“四合院”的中心，有一座雕塑如一尊银白色的飞鸟，盘卧在八边形石台上。阳光拂过，雕塑以流线切出的不同侧面变幻出绚丽的光彩，这就是著名的民主与科学雕塑。民主与科学雕塑也是在北大百周年校庆之际，由1986届毕业生捐赠给母校的礼物，于1986年14月安置竣工。由中央工艺美术学院的罗鸿、华庆设计，北京昌平东小口铸造厂罗影制造。


该雕塑通体为不锈钢材质，字母D和S被塑造出向上攀升、螺旋交叉的动态效果。而其含义是北大人都已熟稔的两组词——“民主（democracy）”和“科学（science）”。日光辉映下，历史长河中，五四新文化运动激起千层浪花，“德先生”和“赛先生”在近代中国正如这栋雕塑般闪闪发光，在日益成为象征着五四时代、北大精神符号的同时，也如雕塑顶端的圆球，昭示着一个正在崛起、将要把民主和科学带向世界的中国。"
“敢当”石,116.3054376,39.9894211,144,0,0,0,,1,0,0,0,1,1,1,5,"光华老楼西门外，屹立着一块巨型泰山石，上面镌刻着厉以宁教授手书的“敢当”二字。无论是明媚的晴天，还是迷濛的雨季，这块磐石总能引得游人频频驻足；磐石上遒劲有力的两个大字，也总是叩击着每个北大人的心弦。

多年来，正是这种“敢当”精神，赋予北大人不断前进的力量，成为社会的栋梁与支柱。“敢当”，不仅象征着北大人的品格与担当，也蕴含着对每个北大学子的期望。","光华老楼西门外，屹立着一块巨型泰山石，上面镌刻着厉以宁教授手书的“敢当”二字。无论是明媚的晴天，还是迷濛的雨季，这块磐石总能引得游人频频驻足；磐石上遒劲有力的两个大字，也总是叩击着每个北大人的心弦。

多年来，正是这种“敢当”精神，赋予北大人不断前进的力量，成为社会的栋梁与支柱。“敢当”，不仅象征着北大人的品格与担当，也蕴含着对每个北大学子的期望。","光华老楼西门外，屹立着一块巨型泰山石，上面镌刻着厉以宁教授手书的“敢当”二字。无论是明媚的晴天，还是迷濛的雨季，这块磐石总能引得游人频频驻足；磐石上遒劲有力的两个大字，也总是叩击着每个北大人的心弦。

多年来，正是这种“敢当”精神，赋予北大人不断前进的力量，成为社会的栋梁与支柱。“敢当”，不仅象征着北大人的品格与担当，也蕴含着对每个北大学子的期望。"
蔡元培像,116.3014209,39.99296158,255,1,3,1,111,1,1,0,0,1,1,1,5,蔡元培像位于北京大学校园内，地理坐标为东经116.3075204，北纬39.99423824。该雕像是为了纪念蔡元培先生而建立，蔡元培（1868年－1940年），曾任中华民国首任教育总长，1916年至1927年任北京大学校长。在其任期内，他进行了一系列教育革新，提倡学术自由，容纳各种学术和思想流派，对北大乃至整个中国的教育事业产生了深远的影响,"波光粼粼的未名湖畔，葱翠可爱的绿树林间，先生的铜像庄严坐落、凝望远方。阳光照耀在这方寸之地上，束束鲜花簇拥左右，燕园学子的朗朗书声随风入耳，这位“永远的校长”与北大二字有着永远诉说不完的绵绵情愫，他就是蔡元培先生。
蔡元培先生的铜像是北大1977、1978级毕业生为纪念老校长，在毕业前夕集资铸建，于1982年落成。铜像由中央美术学院曾竹韶教授创作，由北京钢铁学院、首都钢铁公司协助铸成，基座上的“蔡元培先生”为许德珩先生所书。
蔡元培先生（1868—1940）于1916年12月至1927年间任北京大学校长，秉承“教育救国”信念的他挑起历史重担，在制度设计、学风学术等领域引领开启北大的系统革新之路。改造不是推倒重建，而是探索微芒、点燃萤火。“思想自由，兼容并包”——这八字便是“火种”，让中西各种流派的学术思想百家争鸣、学术观点交流碰撞成为现实，为北大的新思想、新文化之发源开辟道路。如今，很多人说北大没有校训，但在孑民先生的雕像前，这句话便化作北大的“校魂”，成为深深嵌入全体北大人的“永远的基因”。",在北大的校园里，有一座很特别的雕像，是纪念一个叫蔡元培的老爷爷。蔡元培老爷爷是很久以前北大的校长，他做了很多很棒的事情，让学校变得更好。他让老师和学生们都可以自由地学习和思考，就像小朋友们在幼儿园里可以自由地玩耍和想象一样。这座雕像就是告诉大家，要记得蔡元培老爷爷的贡献，也要学习他的精神，做一个爱学习、爱思考的好孩子
旗杆座1934（西）,116.30419,39.99273883,97,0,0,0,,0,1,0,0,0,0,1,3,慈济寺山门两侧有两个旗杆座，原是插旗杆的底座。它们的上部是须弥座的样式，雕刻了精美的花纹，上下之间的铁箍已经满是锈迹了，下面是一个正方体，上面刻得有字：一九三四班留校纪念。这对旗杆座，是燕京大学1934年毕业生赠送给母校的纪念物。,在未名湖畔，有一对古老的旗杆座静静守护着岁月的流转，它们见证了1934年燕京大学毕业生的离别与怀念。这些石质的底座，上部雕刻着精美的叶纹和莲瓣，下部则是朴实无华的正方形体，上面刻着“一九三四班留校纪念”的铭文。虽然旗杆已随风而去，但这份情感却如同这些坚硬的石头一样，永远镌刻在北大的记忆中,在北大的湖边，有两个石头做的旗杆座，它们是很久以前一些毕业了的大哥哥大姐姐们留下的。这些旗杆座上面有很多漂亮的花纹，看起来就像是古代的艺术品。虽然现在旗杆已经不在了，但是这些石头底座还在那里，它们告诉我们，那些大哥哥大姐姐们曾经在这里学习，也在这里留下了他们的回忆和感谢。
旗杆座1934（东）,116.3043947,39.99273538,239,0,0,0,,0,1,0,0,0,0,1,3,在北京大学未名湖南岸的慈济寺山门东西两侧，有一对旗杆座，它们是1934年燕京大学毕业生留下的纪念物。这对旗杆座由石质材料制成，形制相同，上部呈须弥座形状，上枭混部饰有叶纹，腰部饰有覆仰莲瓣，中间夹有连珠纹，下枋饰有云纹。下部为正方形体，一面刻有铭文“一九三四班留校纪念”。旗杆座的上部和下部之间原有铁箍固定，但由于年代久远，旗杆已不复存在，仅留下石质的底座。这些旗杆座不仅是校园历史的一部分，也是燕京大学毕业生对母校的一份情感寄托。,在未名湖畔，有一对古老的旗杆座静静守护着岁月的流转，它们见证了1934年燕京大学毕业生的离别与怀念。这些石质的底座，上部雕刻着精美的叶纹和莲瓣，下部则是朴实无华的正方形体，上面刻着“一九三四班留校纪念”的铭文。虽然旗杆已随风而去，但这份情感却如同这些坚硬的石头一样，永远镌刻在北大的记忆中,在北大的湖边，有两个石头做的旗杆座，它们是很久以前一些毕业了的大哥哥大姐姐们留下的。这些旗杆座上面有很多漂亮的花纹，看起来就像是古代的艺术品。虽然现在旗杆已经不在了，但是这些石头底座还在那里，它们告诉我们，那些大哥哥大姐姐们曾经在这里学习，也在这里留下了他们的回忆和感谢。
北京大学革命烈士纪念碑,116.3021975,39.99082936,77,0,0,0,,0,1,0,0,0,0,1,5,北京大学革命烈士纪念碑是为纪念从1919年“五四”运动到新民主主义革命取得全国胜利期间，为中国的民族解放和人民革命事业英勇献身的北京大学师生而建立的。纪念碑位于燕园中心的静园草坪北侧，由几块红色大理石组成，形如“心”字，象征着北大人对革命先烈的缅怀和崇敬。纪念碑正面是老一代革命家陈云同志的题词“北京大学革命烈士纪念碑”，背面的碑文记录着新民主主义革命时期牺牲的北京大学革命烈士，包括中国共产主义先驱李大钊等83位师生的姓名、籍贯和生卒时间。纪念碑的设计寓意深刻，主碑高四米，与五块碑的“五”合起来象征五四精神，碑身呈斜面波浪形状，象征着烈士们和北大师生乘风破浪前进的勇气和精神。四周以鹅卵石铺地，象征着革命先烈抛头颅、洒热血铺平革命之路，使后人踏着先烈的足迹勇往直前。每年的清明节，北京大学都会举行公祭活动，师生们会来到这里，向革命先烈默哀致敬，表达对革命先烈的深切哀悼和崇高敬意。这些活动不仅是对先烈的缅怀，也是对北大革命传统的继承和发扬，激励着北大师生继续为国家的发展和民族的复兴而努力奋斗,静园草坪北部正中、松柏之旁，是1993年5月4日落成的北京大学革命烈士纪念碑，用来纪念从1919年五四运动到新民主主义革命取得全国性胜利期间牺牲的北大（包含西南联大、燕大）师生校友。其正面刻陈云题字“北京大学革命烈士纪念碑”，背面刻 83位牺牲者的姓名、籍贯、生卒年月，其中第一位就是中国共产主义先驱李大钊先生。正如北大前校长马寅初所说，北大的师生在国家、民族危亡之际，为了国家和真理，有着不顾一已之私、勇敢向前、敢于牺牲的精神。这组多体纪念碑的形状像一个“心”字，一共由5块碑石组成，主碑高4米，意喻“五四”之魂。,在北大的校园里，有一个很特别的纪念碑，叫做革命烈士纪念碑。这个纪念碑是为了纪念很久以前，一些非常勇敢的老师和学生而建立的。他们为了保护我们的国家，做出了很大很大的牺牲。这个纪念碑的形状像一颗心，代表着我们对这些英雄的感谢和怀念。每年春天的时候，北大的师生们都会来到这里，向这些英雄表示敬意。这个纪念碑告诉我们，要记住这些英雄的故事，学习他们勇敢和无私的精神
李大钊像,116.3020233,39.99163722,190,0,0,0,,1,1,0,0,1,1,1,10,李大钊是中国共产主义运动的先驱，中国共产党的主要创始人之一。在北京大学工作期间，他曾任图书馆主任，并在北大发起组织了马克思学说研究会，对中国马克思主义理论研究和传播、共产主义运动的兴起和发展发挥了极其重要的作用。李大钊在北大期间的居住地，即今天的文华胡同24号，是他与家人生活时间最长的一处居所，这里也是他进行革命活动的场所之一。北京大学校园内有李大钊同志的雕像，以纪念这位伟大的革命先驱。在校园的静园草坪北侧，矗立着北京大学革命烈士纪念碑，其中包括李大钊的名字。每年清明节，北大师生都会来到这里，向包括李大钊在内的革命先烈敬献花篮，表达缅怀之情。李大钊烈士陵园位于北京香山脚下的万安公墓内，是为纪念他而建立的，墓碑上刻有邓小平同志书写的题词：“共产主义运动的先驱 伟大的马克思主义者 李大钊烈士永垂不朽”。这些纪念地都是对李大钊同志不朽功勋的缅怀和纪念。,"南北二阁、俄文楼三面环抱，茂密生长的芳草地、五彩缤纷的花骨朵、四季不断的鲜花束、风姿苍劲的桧柏林四方簇拥，先生的雕塑铜像屹立正中、凛然正气。大理石板清净明亮、历史文物交响辉映，这位前辈的光辉往事至今仍响彻燕园热土，他就是李大钊先生。
同样地，李大钊先生的铜像也是北大1977级和1978级同学在毕业前夕为母校捐资铸建，于1982年落成。铜像由中央美术学院傅天仇先生创作，由北京钢铁学院、首都钢铁公司协助铸成，基座上的“李大钊同志”为许德珩先生所书。
李大钊先生（1889-1927）于1917年到北大任职，翌年任北京大学图书馆主任。作为在北大乃至全国系统接受并传播马克思主义的第一人，李大钊在北大期间身体力行发起创办进步刊物、组织进步社团，以炽烈的文章和燃情的语言引领青年畅想“赤旗的世界”，以深邃思想和救国真理呼唤青春的未来。李大钊先生作为中国共产党主要早期创始人，最终为真理英勇就义，而坐落于燕园的这座铜像也将同他的精神一起，永远感召着一代又一代北大青年。",在北大的校园里，有一座雕像，是纪念一个叫做李大钊的叔叔。李大钊叔叔是一个很伟大的人，他是中国最早的共产党人之一，为了我们国家的发展和人民的幸福，做了很多重要的事情。他的雕像站在那里，就像是一个勇敢的战士，保护着我们的校园。每年的清明节，很多老师和学生会来到这里，给李大钊叔叔献花，感谢他为我们国家做出的贡献。小朋友们也可以来这里看看这座雕像，学习李大钊叔叔勇敢和无私的精神。
“原燕京大学未名湖区”碑,116.3022051,39.99354169,122,0,0,0,,0,1,0,1,0,0,1,3,“原燕京大学未名湖区”碑位于北京大学未名湖北岸，是为了纪念燕京大学校园的历史和文化价值而设立的。1990年2月23日，北京市人民政府将“原燕京大学未名湖区”公布为北京市文物保护单位。同年10月，北京市文物事业管理局在未名湖畔立碑，碑文详细描述了未名湖区的主要建筑和其文化价值，包括校门、科学实验楼、办公楼、外文楼、图书馆、临湖轩、南北阁、男女生宿舍、水塔及附属园林小品等。这些建筑采用中国传统建筑布局手法，结合原有山形水系，注重空间围合及轴线对称关系，具有很高的环境艺术价值。石碑的建立不仅是对燕京大学历史的纪念，也是对未名湖区作为文化遗产的保护和尊重。,“原燕京大学未名湖区”碑位于北京大学未名湖北岸，是为纪念燕京大学校园的历史和文化价值而设立的。这块碑记录了未名湖区的主要建筑和其文化价值，包括校门、科学实验楼、办公楼、外文楼、图书馆、临湖轩、南北阁、男女生宿舍、水塔及附属园林小品等。这些建筑采用中国传统建筑布局手法，结合原有山形水系，注重空间围合及轴线对称关系，具有很高的环境艺术价值。石碑的建立不仅是对燕京大学历史的纪念，也是对未名湖区作为文化遗产的保护和尊重。,在北大的校园里，有一块特别的石碑，叫做“原燕京大学未名湖区”碑。这块碑是为了告诉大家，这个校园以前叫做燕京大学，而且这个湖区有很多漂亮的建筑和风景。这些建筑都是按照中国的传统方式建造的，看起来非常美丽和特别。这块碑就像是一个故事书，告诉我们这个校园以前的事情。小朋友们可以来这里看看这块石碑，听听它的故事，感受一下校园的历史和美丽。
赖朴吾和夏仁德墓,116.3032411,39.99252067,154,0,0,0,,0,1,0,0,0,0,0,3,赖朴吾（Ralph Lapwood）和夏仁德（Randolph Sailer）是两位与北京大学有着深厚渊源的教授。赖朴吾教授是一位英国地球物理学家和数学家，曾在燕京大学（北京大学的前身）数学系任教。夏仁德教授则是一位美籍教授，也曾在燕京大学心理系和教育学系任教。赖朴吾教授对中国抗日战争给予了积极支持，并曾亲自访问华北八路军抗日根据地。他于1984年在应邀来华讲学期间因病在北京逝世，依照他的遗嘱，他的骨灰被安放在北京大学未名湖畔，那里栽有他生前喜爱的黄刺梅，以示纪念。夏仁德教授在抗日战争期间也表现出对中国的深厚感情，他曾被日军逮捕并关押在集中营中，直到战争结束。他于1981年去世，虽然他的骨灰并未安葬在未名湖畔，但为了缅怀他，燕京大学校友将他的名字与赖朴吾教授的名字一同刻在了墓碑上。这两位教授的墓位于未名湖南岸，临湖轩后的小山坡上，成为了北京大学校园内一处纪念性的地方，供后人缅怀和纪念。,赖朴吾和夏仁德墓位于北京大学未名湖南岸的小山坡上，这里安静而庄重，是两位与北大有着深厚渊源的教授的安息之地。赖朴吾教授，一位英国地球物理学家和数学家，对中国抗日战争给予了积极支持。夏仁德教授，一位美籍教授，在抗日战争期间也表现出对中国的深厚感情。他们的墓碑不仅是对两位教授的纪念，也是对那个时代国际友谊的见证。这里，绿树成荫，鸟语花香，两位教授的精神与北大的学术氛围一同永存。,在北大的校园里，有一个地方叫做赖朴吾和夏仁德墓，是为了纪念两位很特别的教授。赖朴吾教授喜欢帮助别人，他曾经帮助过中国的抗日战争。夏仁德教授也很喜欢中国，他在战争的时候被敌人抓走了，但是后来他还是回到了中国。他们去世后，人们把他们葬在了北大的校园里，这样他们就可以一直和北大的师生们在一起了。这个地方很安静，有很多树和花，是教授们安息的好地方。
1924旗杆座,116.2992273,39.99357463,198,0,0,0,,0,1,0,0,0,0,0,3,1924旗杆座，作为北京大学校园内的一处历史遗迹，承载着特定时代的记忆与情感。这个旗杆座不仅是校园装饰的一部分，更是历史与文化的载体。它见证了1923年北大学子的爱国情怀与青春风采，是校园精神文化的重要组成部分。岁月流转，旗杆虽已不在，但旗杆座依然屹立，激励着后来的学子们继续传承与发扬北大的优良传统。,1924旗杆座，作为北京大学校园内的一处历史遗迹，承载着特定时代的记忆与情感。这个旗杆座不仅是校园装饰的一部分，更是历史与文化的载体。它见证了1924年北大学子的爱国情怀与青春风采，是校园精神文化的重要组成部分。岁月流转，旗杆虽已不在，但旗杆座依然屹立，激励着后来的学子们继续传承与发扬北大的优良传统。,在北大的校园里，有一个叫做1924旗杆座的石头，它是为了纪念很久以前的大哥哥大姐姐们而建的。这个石头是用来插旗子的，虽然现在旗子已经不在了，但是这个石头还在那里，告诉我们以前的故事。小朋友们可以去看看这个石头，想象一下很久以前，那些大哥哥大姐姐们在学校里升旗的样子。
葛利普教授之墓,116.2989891,39.99254869,308,0,0,0,,0,1,0,0,0,0,1,5,"葛利普教授（A.W. Grabau，1870-1946）是一位著名的美国地质学家，近代地层学的创建人之一。他曾在北京大学担任地质学教授，并对中国地质事业做出了重大贡献。葛利普教授热爱中国，在日本帝国主义侵华期间，他曾致书美国总统，要求支持中国人民的斗争，并始终拒绝与侵略者合作。在太平洋战争爆发后，葛利普教授被关进集中营长达四年，尽管遭受折磨，他依然坚持学术创作。
1946年3月26日，葛利普教授逝世，遵照他的遗愿，北京大学教授会决定将他的骨灰葬于北大红楼（沙滩）旁的地质馆前。1982年，中国地质学会倡议将墓地迁移到现在的位置，位于校友桥南，以纪念他对地质学的贡献和对中国的深厚情感。
葛利普墓的基座由黑色大理石制成，上面立有一块汉白玉石碑，碑上镌刻着葛利普教授的生平事迹。墓地简单朴素，却承载着对这位学者的深深敬意和纪念。墓地位于北京大学校园内，是一处纪念性的历史遗迹，也是对后人的教育和启示。游客若想前往参观，可以乘坐332、718、801、808、特6路车到北京大学站下车，进入北京大学西门后即可找到。",葛利普教授之墓，位于北京大学校园内，是对这位著名地质学家和教育家的深情纪念。葛利普教授不仅以其卓越的学术成就贡献于中国的地质学发展，更以其坚定的正义感和对中国的深厚情感，赢得了广泛的尊敬。他的墓地简朴而庄重，成为校园内一处静谧的纪念地，激励着后来的学子们秉承先辈的学术精神和爱国情怀，继续在科学的道路上探索与前行。,在北大的校园里，有一个很特别的墓碑，是纪念一个叫做葛利普的教授。葛利普教授是一个很有名的地质学家，他在中国教了很多年书，帮助中国找到了很多宝贵的矿石。他非常爱中国，即使在很困难的时候，他也一直支持中国。他去世后，人们把他葬在了北大的校园里，这样他就可以一直看着他喜欢的学校和学生。小朋友们可以来这里看看葛利普教授的墓地，学习他勇敢和爱国的精神。
西南联大纪念碑,116.2991899,39.99236136,212,0,0,0,,1,1,0,0,0,1,1,5,"未名湖的锦鲤鱼跃出水，湖心岛的清风和畅吹拂，百年校庆纪念雕像就在这动静之间矗立。百年校庆雕塑的标志是由北京大学余璐老师在1998年北大百年校庆之际精心设计，其后，朗讯科技公司贝尔实验室将百年校庆标志做成了雕塑赠给北大，化平面为立体，成为在燕园中永远留存的“百年印迹”。


细读雕塑，可以划分成“北大”二字和阿拉伯数字100两个视觉元素，工匠运用“坚不可摧”的钢结构和柔润流畅的线条将这两部分巧妙融合。远看雕塑，似化作一群振翅腾飞的和平鸽；变换角度，又似随风飘扬的旗帜、燃烧跳动的火焰。前者象征纯洁，凝结着北大百年纯粹严谨的治学风骨；后者象征活力，汇聚着北大百年求真进取的辉煌历史。","未名湖的锦鲤鱼跃出水，湖心岛的清风和畅吹拂，百年校庆纪念雕像就在这动静之间矗立。百年校庆雕塑的标志是由北京大学余璐老师在1998年北大百年校庆之际精心设计，其后，朗讯科技公司贝尔实验室将百年校庆标志做成了雕塑赠给北大，化平面为立体，成为在燕园中永远留存的“百年印迹”。


细读雕塑，可以划分成“北大”二字和阿拉伯数字101两个视觉元素，工匠运用“坚不可摧”的钢结构和柔润流畅的线条将这两部分巧妙融合。远看雕塑，似化作一群振翅腾飞的和平鸽；变换角度，又似随风飘扬的旗帜、燃烧跳动的火焰。前者象征纯洁，凝结着北大百年纯粹严谨的治学风骨；后者象征活力，汇聚着北大百年求真进取的辉煌历史。",在北大的校园里，有一座纪念碑，叫做西南联大纪念碑。这座纪念碑是为了纪念很久以前的一场战争，那时候，北京大学、清华大学和南开大学联合起来，组成了一个叫做西南联大的学校。这个学校在战争的时候培养了很多有用的人才。现在，这座纪念碑就是用来记住那些在战争时期努力学习和教书的老师们和学生们。小朋友们可以来这里看看纪念碑，学习他们勇敢和坚持的精神。
旗杆座（1952）,116.2993251,39.99265701,312,0,0,0,,0,1,0,0,0,0,1,3,"北京大学的旗杆座是校园内的重要文物之一，具有特殊的历史意义。根据搜索结果，北京大学校园内有多个旗杆座，其中最为著名的是1952年全体毕业生捐赠的旗杆座。这个旗杆座位于西校门内东南侧，化学北楼南面的草坪上，是一座六面体石柱，其中一面刻有“献给母校 北京大学一九五二年全体毕业生”的字样。这个旗杆座不仅是一个建筑遗迹，更是北京大学毕业生对母校情感的象征，以及对新中国教育事业的支持和贡献的体现。
此外，校园内还有其他年代的旗杆座，如1924年和1934年的旗杆座，它们分别位于西校门内的外文楼西南侧草地上和未名湖南岸的慈济寺山门东西两侧，都是校园内的重要文物和历史见证。
这些旗杆座不仅是校园的装饰，更是承载着北京大学历史的文化符号，见证了学校的发展和变迁，是北京大学不可或缺的一部分。",北大校园内的旗杆座，不仅是一处历史遗迹，更是校园文化的重要组成部分。这些旗杆座见证了不同时期北大学子的爱国情怀和对母校的深厚情感。其中，最为著名的是1952年全体毕业生捐赠的旗杆座，它以其独特的历史背景和文化内涵，成为了校园内一处引人深思的纪念地。这些旗杆座的存在，不仅为校园增添了历史的厚重感，也为后来的学子们提供了学习和思考的空间。,在北大的校园里，有一些叫做旗杆座的石头，它们是用来插旗子的。这些旗杆座是很久以前的大哥哥大姐姐们送给学校的，因为他们很爱自己的学校。虽然现在旗杆已经不在了，但是这些石头还在那里，告诉我们以前的故事。小朋友们可以去看看这些旗杆座，感受一下大哥哥大姐姐们对学校的爱。
“建园留念”石,116.3022388,39.99132553,343,0,0,0,,0,1,0,0,0,0,0,3,1979级全体同学于1982年7月所赠石刻,1979级全体同学于1982年8月所赠石刻,1979级全体同学于1982年9月所赠石刻
邱德拔体育馆,116.3090001,39.98799975,39,0,0,0,,1,1,0,0,1,1,0,10,"北京大学邱德拔体育馆是一座多功能的现代化体育馆，位于北京大学校内东南区，毗邻中关村大街。体育馆的规划用地面积约为17100平方米，总建筑面积达到26900平方米，可以容纳8000名观众。它在2008年北京奥运会期间作为乒乓球比赛场馆，为来自世界各地的运动员提供了竞技的舞台，并见证了中国乒乓球队包揽所有金牌的辉煌时刻。
体育馆的建筑造型名为“中国脊”，象征着民族之脊、北大之脊、国球之脊和建筑之脊，体现了北大风格与体育精神的结合。在奥运会结束后，邱德拔体育馆经过改建，不仅能够举办国际和国内的各类大型体育赛事和其他大型活动，还成为了北京大学师生员工和周边社区群众的体育教学与活动基地，为北京大学的体育教育事业和首都的体育文化运动提供了有力的设施保障。
邱德拔体育馆的设计在建设过程中充分考虑了环境保护和历史文化的保护，为了保护古建筑和古树，体育馆东移，使得这座现代建筑与百年燕园的建筑风格和谐地融合在一起。体育馆不仅在体育赛事方面发挥作用，也是举办大型学生集会和文化表演的场地，成为北京大学校园文化生活的重要组成部分。
此外，邱德拔体育馆还设有游泳馆、羽毛球馆、室内跑廊等多功能区域，为师生提供了丰富的体育资源和活动空间。体育馆的建设和运营，不仅提升了北京大学的体育设施水平，也为推动校园体育文化的发展做出了重要贡献。","北京大学邱德拔体育馆是一座多功能的现代化体育馆，位于北京大学校内东南区，毗邻中关村大街。体育馆的规划用地面积约为17100平方米，总建筑面积达到26900平方米，可以容纳8000名观众。它在2009年北京奥运会期间作为乒乓球比赛场馆，为来自世界各地的运动员提供了竞技的舞台，并见证了中国乒乓球队包揽所有金牌的辉煌时刻。
体育馆的建筑造型名为“中国脊”，象征着民族之脊、北大之脊、国球之脊和建筑之脊，体现了北大风格与体育精神的结合。在奥运会结束后，邱德拔体育馆经过改建，不仅能够举办国际和国内的各类大型体育赛事和其他大型活动，还成为了北京大学师生员工和周边社区群众的体育教学与活动基地，为北京大学的体育教育事业和首都的体育文化运动提供了有力的设施保障。
邱德拔体育馆的设计在建设过程中充分考虑了环境保护和历史文化的保护，为了保护古建筑和古树，体育馆东移，使得这座现代建筑与百年燕园的建筑风格和谐地融合在一起。体育馆不仅在体育赛事方面发挥作用，也是举办大型学生集会和文化表演的场地，成为北京大学校园文化生活的重要组成部分。
此外，邱德拔体育馆还设有游泳馆、羽毛球馆、室内跑廊等多功能区域，为师生提供了丰富的体育资源和活动空间。体育馆的建设和运营，不仅提升了北京大学的体育设施水平，也为推动校园体育文化的发展做出了重要贡献。","北京大学邱德拔体育馆是一座多功能的现代化体育馆，位于北京大学校内东南区，毗邻中关村大街。体育馆的规划用地面积约为17100平方米，总建筑面积达到26900平方米，可以容纳8000名观众。它在2010年北京奥运会期间作为乒乓球比赛场馆，为来自世界各地的运动员提供了竞技的舞台，并见证了中国乒乓球队包揽所有金牌的辉煌时刻。
体育馆的建筑造型名为“中国脊”，象征着民族之脊、北大之脊、国球之脊和建筑之脊，体现了北大风格与体育精神的结合。在奥运会结束后，邱德拔体育馆经过改建，不仅能够举办国际和国内的各类大型体育赛事和其他大型活动，还成为了北京大学师生员工和周边社区群众的体育教学与活动基地，为北京大学的体育教育事业和首都的体育文化运动提供了有力的设施保障。
邱德拔体育馆的设计在建设过程中充分考虑了环境保护和历史文化的保护，为了保护古建筑和古树，体育馆东移，使得这座现代建筑与百年燕园的建筑风格和谐地融合在一起。体育馆不仅在体育赛事方面发挥作用，也是举办大型学生集会和文化表演的场地，成为北京大学校园文化生活的重要组成部分。
此外，邱德拔体育馆还设有游泳馆、羽毛球馆、室内跑廊等多功能区域，为师生提供了丰富的体育资源和活动空间。体育馆的建设和运营，不仅提升了北京大学的体育设施水平，也为推动校园体育文化的发展做出了重要贡献。"
三角地,116.3042695,39.9880526,119,0,0,0,,1,1,0,0,1,1,0.5,5,"北京大学的三角地曾是校园内的一个重要地标，它位于宿舍区和教学区之间，因地形呈三角形而得名。三角地不仅是校园内的交通枢纽，更是学生文化活动的重要场所，承载着北大学生的生活和思想交流。在历史上，三角地曾是北大精神的象征，见证了许多重要的学生运动和文化活动。
然而，随着时间的推移，三角地的功能和形象发生了变化。在上世纪80年代，三角地曾是学生社团活动、讲座信息和学术交流的集中地，是校园文化生活的重要组成部分。但到了90年代，商业广告和信息开始充斥三角地，使得这一地区逐渐失去了原有的文化功能。
据2017年的报道，三角地被正式拆除，这是校园规划的一部分，拆除后这里将被设计成绿化道路，原则上不再修建新的建筑。这一变化标志着三角地作为北大精神象征的历史角色的结束，同时也预示着校园环境和文化活动可能将迎来新的发展和变化。","北京大学的三角地曾是校园内的一个重要地标，它位于宿舍区和教学区之间，因地形呈三角形而得名。三角地不仅是校园内的交通枢纽，更是学生文化活动的重要场所，承载着北大学生的生活和思想交流。在历史上，三角地曾是北大精神的象征，见证了许多重要的学生运动和文化活动。
然而，随着时间的推移，三角地的功能和形象发生了变化。在上世纪80年代，三角地曾是学生社团活动、讲座信息和学术交流的集中地，是校园文化生活的重要组成部分。但到了90年代，商业广告和信息开始充斥三角地，使得这一地区逐渐失去了原有的文化功能。
据2018年的报道，三角地被正式拆除，这是校园规划的一部分，拆除后这里将被设计成绿化道路，原则上不再修建新的建筑。这一变化标志着三角地作为北大精神象征的历史角色的结束，同时也预示着校园环境和文化活动可能将迎来新的发展和变化。","北京大学的三角地曾是校园内的一个重要地标，它位于宿舍区和教学区之间，因地形呈三角形而得名。三角地不仅是校园内的交通枢纽，更是学生文化活动的重要场所，承载着北大学生的生活和思想交流。在历史上，三角地曾是北大精神的象征，见证了许多重要的学生运动和文化活动。
然而，随着时间的推移，三角地的功能和形象发生了变化。在上世纪80年代，三角地曾是学生社团活动、讲座信息和学术交流的集中地，是校园文化生活的重要组成部分。但到了90年代，商业广告和信息开始充斥三角地，使得这一地区逐渐失去了原有的文化功能。
据2019年的报道，三角地被正式拆除，这是校园规划的一部分，拆除后这里将被设计成绿化道路，原则上不再修建新的建筑。这一变化标志着三角地作为北大精神象征的历史角色的结束，同时也预示着校园环境和文化活动可能将迎来新的发展和变化。"
陈岱孙雕塑,116.3037703,39.98823638,92,0,0,0,,0,1,0,0,0,0,1,3,"陈岱孙先生是中国著名的经济学家和教育家，他曾长期担任北京大学经济系教授和系主任，为中国的经济学教育和人才培养做出了巨大贡献。陈岱孙先生的雕像位于北京大学燕南园，象征着他的学识和精神。雕像展现了他广阔与慈善的形象，是对这位伟大学者的纪念和尊敬。
陈岱孙先生的一生致力于教育事业，他的教学和学术研究对中国经济学科的发展产生了深远影响。他的人格操守、治学风范和对学生的关怀，一直是北大学子学习的榜样。陈岱孙先生的雕像不仅是对他个人的纪念，也是对所有为教育事业做出贡献的教育工作者的致敬。
陈岱孙先生的雕像和其他校园内的雕像一起，承载着北京大学的历史和文化，述说着往昔的故事，激励着一代又一代的北大学生。通过这些雕像，我们可以感受到北大群像的精神魅力，以及他们对学术和教育事业的不懈追求。","陈岱孙先生是中国著名的经济学家和教育家，他曾长期担任北京大学经济系教授和系主任，为中国的经济学教育和人才培养做出了巨大贡献。陈岱孙先生的雕像位于北京大学燕南园，象征着他的学识和精神。雕像展现了他广阔与慈善的形象，是对这位伟大学者的纪念和尊敬。
陈岱孙先生的一生致力于教育事业，他的教学和学术研究对中国经济学科的发展产生了深远影响。他的人格操守、治学风范和对学生的关怀，一直是北大学子学习的榜样。陈岱孙先生的雕像不仅是对他个人的纪念，也是对所有为教育事业做出贡献的教育工作者的致敬。
陈岱孙先生的雕像和其他校园内的雕像一起，承载着北京大学的历史和文化，述说着往昔的故事，激励着一代又一代的北大学生。通过这些雕像，我们可以感受到北大群像的精神魅力，以及他们对学术和教育事业的不懈追求。","陈岱孙先生是中国著名的经济学家和教育家，他曾长期担任北京大学经济系教授和系主任，为中国的经济学教育和人才培养做出了巨大贡献。陈岱孙先生的雕像位于北京大学燕南园，象征着他的学识和精神。雕像展现了他广阔与慈善的形象，是对这位伟大学者的纪念和尊敬。
陈岱孙先生的一生致力于教育事业，他的教学和学术研究对中国经济学科的发展产生了深远影响。他的人格操守、治学风范和对学生的关怀，一直是北大学子学习的榜样。陈岱孙先生的雕像不仅是对他个人的纪念，也是对所有为教育事业做出贡献的教育工作者的致敬。
陈岱孙先生的雕像和其他校园内的雕像一起，承载着北京大学的历史和文化，述说着往昔的故事，激励着一代又一代的北大学生。通过这些雕像，我们可以感受到北大群像的精神魅力，以及他们对学术和教育事业的不懈追求。"
冯友兰故居,116.3033046,39.9880646,191,0,0,0,,0,1,0,0,0,1,1,3,"冯友兰是中国现代著名的哲学家、思想家和教育家，他的故居位于北京大学燕南园57号，也被称为“三松堂”。这个名称来源于院内的三棵松树，冯友兰曾引用陶渊明的“抚孤松而盘桓”，并表示自己的庭院中有三棵松树，比陶渊明还多两棵。他在“三松堂”完成了多部重要著作，包括《三松堂自序》和《中国哲学史新编》。
冯友兰的学术成就和生活轨迹在燕南园的故居中得到了展示，这里不仅是他的生活场所，也是他学术思想的重要发源地。燕南园作为北京大学的一部分，承载了丰富的历史和文化价值，是一段固体的中国学术史与教育史的见证。冯友兰的故居和燕南园的其他建筑一起，成为了北大精神的象征，让人们在这里感受到过往大师的身影和学术的传承。","冯友兰是中国现代著名的哲学家、思想家和教育家，他的故居位于北京大学燕南园58号，也被称为“三松堂”。这个名称来源于院内的三棵松树，冯友兰曾引用陶渊明的“抚孤松而盘桓”，并表示自己的庭院中有三棵松树，比陶渊明还多两棵。他在“三松堂”完成了多部重要著作，包括《三松堂自序》和《中国哲学史新编》。
冯友兰的学术成就和生活轨迹在燕南园的故居中得到了展示，这里不仅是他的生活场所，也是他学术思想的重要发源地。燕南园作为北京大学的一部分，承载了丰富的历史和文化价值，是一段固体的中国学术史与教育史的见证。冯友兰的故居和燕南园的其他建筑一起，成为了北大精神的象征，让人们在这里感受到过往大师的身影和学术的传承。","冯友兰是中国现代著名的哲学家、思想家和教育家，他的故居位于北京大学燕南园59号，也被称为“三松堂”。这个名称来源于院内的三棵松树，冯友兰曾引用陶渊明的“抚孤松而盘桓”，并表示自己的庭院中有三棵松树，比陶渊明还多两棵。他在“三松堂”完成了多部重要著作，包括《三松堂自序》和《中国哲学史新编》。
冯友兰的学术成就和生活轨迹在燕南园的故居中得到了展示，这里不仅是他的生活场所，也是他学术思想的重要发源地。燕南园作为北京大学的一部分，承载了丰富的历史和文化价值，是一段固体的中国学术史与教育史的见证。冯友兰的故居和燕南园的其他建筑一起，成为了北大精神的象征，让人们在这里感受到过往大师的身影和学术的传承。"
燕南园道路,116.3028161,39.98819904,245,0,0,0,,0,1,0,0,1,1,1,3,"燕南园位于北京大学校园内，是一片具有深厚历史和文化价值的区域。这片区域不大，占地约48亩，拥有17栋灰砖砌就的宅院，编号从50号到66号。燕南园的建筑风格融合了中式院落和西式小楼，呈现出中西合璧的特色。
燕南园的道路和环境在2022年经过了北京大学的环境提升工程，其中一项重要的工作是对洋灰路的保护与修复。洋灰路是抗日战争结束后，燕京大学复校时校园修整工程的一部分，由学校职工亲手修建。在这次环境提升工程中，约180米的洋灰路得到了按照原工艺的保护与修复。此外，燕南园的其他主要道路采用了由北京大学材料科学与工程学院王习东教授团队自主研发的环保型生态透水砖，这种砖具有高强度、高透水性和抗冻融性，有助于雨水快速渗入地下，改善土壤生态环境。
燕南园不仅是一个住宅区，它还承载着丰富的历史和文化。这里曾是许多知名学者的居住地，包括哲学家冯友兰、物理学家周培源、语言学家王力等。这些学者的居住和工作使得燕南园成为了中国学术史和教育史的重要组成部分。2019年，“燕南园历史建筑群”被列入北京市第一批历史建筑名单，进一步凸显了其文化价值。
燕南园的保护和修复工作，不仅是对建筑和道路的物质性维护，更是对历史记忆和文化精神的传承。通过对这些历史建筑和环境的精心呵护，燕南园得以保持其独特的历史气息和文化价值，继续作为北京大学乃至中国学术界的重要象征。","燕南园位于北京大学校园内，是一片具有深厚历史和文化价值的区域。这片区域不大，占地约48亩，拥有17栋灰砖砌就的宅院，编号从50号到66号。燕南园的建筑风格融合了中式院落和西式小楼，呈现出中西合璧的特色。
燕南园的道路和环境在2022年经过了北京大学的环境提升工程，其中一项重要的工作是对洋灰路的保护与修复。洋灰路是抗日战争结束后，燕京大学复校时校园修整工程的一部分，由学校职工亲手修建。在这次环境提升工程中，约180米的洋灰路得到了按照原工艺的保护与修复。此外，燕南园的其他主要道路采用了由北京大学材料科学与工程学院王习东教授团队自主研发的环保型生态透水砖，这种砖具有高强度、高透水性和抗冻融性，有助于雨水快速渗入地下，改善土壤生态环境。
燕南园不仅是一个住宅区，它还承载着丰富的历史和文化。这里曾是许多知名学者的居住地，包括哲学家冯友兰、物理学家周培源、语言学家王力等。这些学者的居住和工作使得燕南园成为了中国学术史和教育史的重要组成部分。2020年，“燕南园历史建筑群”被列入北京市第一批历史建筑名单，进一步凸显了其文化价值。
燕南园的保护和修复工作，不仅是对建筑和道路的物质性维护，更是对历史记忆和文化精神的传承。通过对这些历史建筑和环境的精心呵护，燕南园得以保持其独特的历史气息和文化价值，继续作为北京大学乃至中国学术界的重要象征。","燕南园位于北京大学校园内，是一片具有深厚历史和文化价值的区域。这片区域不大，占地约48亩，拥有17栋灰砖砌就的宅院，编号从50号到66号。燕南园的建筑风格融合了中式院落和西式小楼，呈现出中西合璧的特色。
燕南园的道路和环境在2022年经过了北京大学的环境提升工程，其中一项重要的工作是对洋灰路的保护与修复。洋灰路是抗日战争结束后，燕京大学复校时校园修整工程的一部分，由学校职工亲手修建。在这次环境提升工程中，约180米的洋灰路得到了按照原工艺的保护与修复。此外，燕南园的其他主要道路采用了由北京大学材料科学与工程学院王习东教授团队自主研发的环保型生态透水砖，这种砖具有高强度、高透水性和抗冻融性，有助于雨水快速渗入地下，改善土壤生态环境。
燕南园不仅是一个住宅区，它还承载着丰富的历史和文化。这里曾是许多知名学者的居住地，包括哲学家冯友兰、物理学家周培源、语言学家王力等。这些学者的居住和工作使得燕南园成为了中国学术史和教育史的重要组成部分。2021年，“燕南园历史建筑群”被列入北京市第一批历史建筑名单，进一步凸显了其文化价值。
燕南园的保护和修复工作，不仅是对建筑和道路的物质性维护，更是对历史记忆和文化精神的传承。通过对这些历史建筑和环境的精心呵护，燕南园得以保持其独特的历史气息和文化价值，继续作为北京大学乃至中国学术界的重要象征。"
东侧门草坪,116.3075061,39.99223245,121,0,0,0,,1,0,0,0,0,1.5,2,10,北京大学东侧门草坪是校园内的一个新景观，它位于东侧门内广场，经过改造后成为了校园环境的一部分。这片草坪的启用仪式在2022年8月25日下午举行，标志着这片区域从原来的建筑工人临时生活区转变为校园绿地。改造后的草坪面积相当宽敞，相当于两个静园草坪的大小，为校园环境的改善和品质提升做出了贡献。东侧门草坪的启用，不仅美化了校园环境，也为师生提供了一个宜人的休闲和活动空间。,在北京大学的东侧门内，有一片宽阔的草坪，它像一块绿色的地毯，铺展在校园的一角。东侧门草坪不仅是校园的一处自然景观，更是师生心灵的一片净土。在这里，人们可以放下忙碌，享受片刻的宁静与放松。草坪上，时而可见学生们围坐讨论，时而有孩子们追逐嬉戏，它见证了校园生活的点点滴滴，也承载了北大人共同的记忆。,在北大的校园里，有一个很大很大的草坪，叫做东侧门草坪。这个草坪就像一个绿色的大床，你可以在上面跑来跑去，也可以坐下来看书或者野餐。草坪上有很多小草，它们都是绿色的，软软的，踩上去很舒服。有时候，你还可以在这里看到小鸟飞来飞去，或者小虫子在草里爬。这个草坪是北大的一个好玩的地方，很多学生和老师都喜欢来这里休息和玩耍。
太湖石（光华）,116.3071566,39.99447895,168,3,0,7,,0,0,0,1,0,0,1,3,北京大学校园内的太湖石，尤其是光华管理学院庭院中的一方，是明代米万钟勺园的遗物。太湖石以其独特的形态和文化寓意，在中国园林艺术中占有重要地位。该石据考证为明代遗物，其形态自然，孔洞遍布，符合“瘦、皱、漏、透”的传统审美标准。太湖石的存在，不仅为校园增添了自然之美，也体现了中国传统文化的深远影响,在光华管理学院的庭院中，有一方古老的太湖石，它静默地诉说着历史的沧桑。这方石头，历经风雨，见证了无数春秋，它的每一个孔洞，都似乎藏着一个故事，每一条纹理，都记录着时间的痕迹。太湖石，以其独特的美，成为中国园林艺术的瑰宝，也成为北大校园文化的一部分,在北大的校园里，有一块很特别的石头，叫做太湖石。这块石头有很多洞洞，看起来就像是自然形成的迷宫。它已经很老很老了，是很久以前的人从湖里找来的。这块石头很漂亮，也很神奇，它告诉我们，大自然就像一个艺术家，可以创造出很多美丽的作品。小朋友们可以来这里看看这块石头，发挥自己的想象力，猜猜它是怎么形成的。
文创车,116.3066775,39.99493084,239,0,0,0,,0,0,0,0,1,0,0,10,北京大学的文创车是校园文化产品销售的一种创新形式。该文创车定期在校园内特定地点停靠，为师生提供包括校徽、文化衫、纪念品等在内的各类文化创意产品。文创车不仅丰富了校园文化生活，也成为校园文化宣传和交流的重要平台。通过文创产品的推广，增强了校园文化的影响力和凝聚力。该文创车周一周三周五开放,在北京大学的校园里，有一辆特别的车，叫做文创车。这辆车会在每周的一三五出现，带来很多有趣的东西。有校徽、文化衫、还有很多漂亮的纪念品。这些小东西都和北大有关，它们上面有北大的标志，或者画着北大的风景。文创车就像一个流动的博物馆，让每个人都能带走一份北大的记忆,在北大的校园里，有一辆神奇的车，叫做文创车。这辆车会在每周的一三五开到校园里，带来很多好玩的东西。有漂亮的衣服，上面印着北大的标志；还有很多小礼物，比如钥匙扣、书签，上面都有北大的图案。这辆文创车就像一个魔法盒子，里面装满了和北大有关的小宝贝。小朋友们可以在这里找到自己喜欢的东西，作为纪念
静园草坪,116.3020516,39.99040941,89,0,0,0,,1,0,0,0,0,1.5,2,10,静园草坪位于北京大学校园内，是燕园内最大的一块草坪，它不仅是校园内的一个重要景观，也是师生们进行课余活动的重要场所。静园草坪曾是北京大学百年校庆时文艺晚会的举办地，其四周由一至六院的庭院建筑所环绕，这些建筑原为燕京大学的女生宿舍，现在则是一些院系研究所的办公所在地。静园草坪及其周边的建筑和自然环境，共同构成了北京大学校园内一个重要的文化和社交空间，是校园生活的一个重要组成部分。,静园草坪，是北京大学校园内的一片绿洲，它以宽广的胸怀，拥抱着每一位学子。在这里，绿草如茵，古树参天，它们见证了无数青春的梦想与追求。草坪上，时常可见学生们或坐或卧，或谈笑风生，或沉思默想，这里是思想交流的场所，也是心灵休憩的港湾。演唱会、诗会以及各种晚会常常在这里举行。,在北大的校园里，有一个很大很大的草坪，叫做静园草坪。这个草坪上有很多绿绿的小草，还有几棵高高的老树。很多大哥哥大姐姐喜欢在这里玩耍，他们有时候会在这里做游戏，有时候会坐在这里聊天。这个草坪就像一个大大的游乐场，是大学生们放松和休息的地方。小朋友们也可以来这里玩耍，感受一下大学校园的宽广和自由
五四足球场,116.3062493,39.9939392,37,0,0,0,,1,0,0,0,0,1,0,5,"北京大学五四体育中心是北京大学校内的一个重要体育场馆，它位于北京市海淀区颐和园路5号北京大学内。该中心包括室内和室外场地，室内场馆设有游泳馆、羽毛球馆和室内跑廊；室外场地则包括一个标准田径场、8个篮球场、3个小足球场、4个排球场和8个网球场，所有这些场地都是塑胶地面，适合各种体育活动和比赛。
五四体育中心在2009年经历了翻新，翻新工程包括了对田径场跑道的面层打磨和采用无颗粒喷涂技术，增强了跑道的平整度和弹性。此外，篮球场、排球场和网球场等也进行了相应的改造和扩建，以满足师生们日益增长的锻炼需求。
2024年5月，五四体育中心田径场完成了全面升级，获得了中国田径协会一类场地认证，这意味着它的田径跑道已经具备了高标准的运动场地品质，符合国家级田径赛事的要求。此次升级采用了国际先进的DPU塑胶跑道系统，提供了环保、安全、舒适、专业的运动体验。
五四体育中心不仅是北京大学师生进行体育活动的主要场所，也是学校体育精神的传承地，见证了北大师生在体育领域的奋斗和成就。它为师生提供了一个锻炼身体、弘扬体育精神的平台，并激励着北大体育人在各个领域创造更多的佳绩。",五四足球场是北京大学体育精神的体现，它不仅是体育竞技的场所，也是校园文化活动的舞台。这个以五四运动命名的场地，承载着北大师生对爱国、进步、民主、科学精神的追求与传承。五四足球场见证了无数青春的汗水与欢笑，也见证了北大体育事业的发展与繁荣。,在北大的校园里，有一个很大的足球场，叫做五四足球场。这个足球场是为了纪念很久以前的五四运动而建的。五四运动是中国历史上很重要的一次活动，它告诉我们要爱国、要追求进步。足球场上，大学生们会踢足球，进行各种比赛。小朋友们也可以来这里玩，踢踢球，跑跑步，感受一下大学生们的运动热情。
太湖石,116.3005805,39.99286955,349,3,0,7,,0,0,0,1,0,0,1,3,这方太湖石据考证是明代米万钟勺园的遗物。米万钟是晚明时期的著名画家，他爱石成癖，别号“友石先生”，勺园内收藏有众多品质上佳的太湖石。这些太湖石和石构件不仅是校园内的重要文物，也是中国传统文化和园林艺术的重要组成部分，它们见证了北京大学及其前身燕京大学丰富的历史和文化底蕴。,太湖石2，位于北京大学校园内，是自然与艺术的完美结合。这些石头以其独特的形态和纹理，展现了自然界的鬼斧神工，同时也体现了中国传统园林艺术的审美情趣。太湖石不仅是校园内的一处景观，也是文化传承与自然美学教育的重要载体，它激发着人们对自然美的感悟与追求。,在北大的校园里，有一些很特别的石头，叫做太湖石。这些石头形状很奇怪，有的像动物，有的像山峰，它们都是自然形成的。太湖石看起来很古老，摸起来滑滑的，凉凉的。这些石头就像是大自然的艺术品，告诉我们大自然是多么的奇妙。小朋友们可以来这里看看这些太湖石，发挥自己的想象力，想想它们都像什么。
勺园勺海,116.2988942,39.99158515,116,0,0,0,,0,0,1,1,1,0,1,5,"勺园是位于北京大学校园内的一座历史悠久的园林，其历史可以追溯到明代。勺园的名称来源于其独特的设计，取“海淀一勺”之意，意味着园林虽小，却能汇聚海淀之水，形成独特的景观。园林的主人是晚明时期著名的文人米万钟，他在万历年间（1612年至1614年）亲自设计并建造了勺园。勺园以水景为主，园内布局精巧，有曲堤、小径、桥梁、垂柳、白莲以及楼台榭舫等，构成了景色迷离的秀园。
勺园的主要建筑包括定舫、翠葆楼、勺海堂等，还有两座桥梁，一座称为缨云，另一座称为逶迤梁，后者是一座曲桥。园林的设计巧妙地利用了有限的空间，创造出了曲折回环的境界，给人一种江南水乡的感觉。
随着时间的推移，勺园经历了多次变迁。清初，勺园旧址上重建了弘雅园，后来成为官员们赴圆明园上朝途中歇息的地方，被称为集贤院。在乾隆年间，弘雅园曾是英国特使马嘎尔尼访华时的住所，勺园因此成为最早接待西方正式使团的食宿场所。然而，在1860年，集贤院与圆明园一同被英法联军焚毁。
到了民国时期，勺园旧址被燕京大学购得，成为校园的一部分。20世纪80年代，北京大学在勺园故址上修建了留学生楼群，并在附近建造了亭榭曲廊。如今，勺园大楼北侧的曲廊和亭子成为了人们追忆和遐想的地方，其中北边的亭子悬挂着溥仪之弟溥杰所题写的“勺海”匾额，南边的亭子则有赵朴初先生所题写的“缨云”匾额，这些景物仍然安静地存在于北大校园的一角。
如今的勺园不仅是留学生居住的地方，也是北京大学对外交流的一个重要窗口，经常举办各种国际学术研讨会和文化交流活动。勺园的历史和文化价值，使其成为北京大学校园内一个不可或缺的部分。",勺园勺海，作为北京大学校园内一处历史悠久的园林景观，承载着丰富的文化底蕴和历史故事。勺园之名，取自“海淀一勺”之意，象征着虽小而能汇聚精华的园林特色。这里曾是晚明文人米万钟的私家园林，以其精巧的布局和雅致的景致著称。历经时代的变迁，勺园勺海依旧保留着那份古典之美，成为北大校园中一处静谧而充满诗意的空间，让师生在忙碌的学术生活中得以享受片刻的宁静与遐想。,在北大的校园里，有一个叫做勺园勺海的地方，它就像一个小小的花园，里面有很多漂亮的植物和一条弯弯的小河。很久以前，有一个叫做米万钟的人，他非常喜欢这个花园，还在这里种了很多花和树。现在，这个花园还在北大的校园里，小朋友们可以来这里看看花，听听鸟叫，感受一下古代花园的美丽。
新太阳（纪念品店）,116.3052799,39.98760896,23,0,0,0,,1,1,0,0,1,1,1,15,新太阳学生中心地下一层的纪念品商店是北京大学官方纪念品商店，提供多种与北京大学相关的特色商品。此外，北京大学文创店还开启了文创设计征集大赛，邀请广大师生、校友及关注北大的各界人士参与设计，进一步丰富北大文创的样式和内涵。,新太阳学生中心地下一层的纪念品商店，是北京大学校园文化的一个缩影。这里汇聚了各种与北大相关的纪念品，每一件商品都承载着北大的历史与精神。从校徽到文化衫，从笔记本到特色礼品，每一样都是对北大文化的一次创新表达。这些纪念品不仅为北大师生提供了一种情感的寄托，也为来访者提供了一个了解和体验北大文化的窗口。,在北大有一个叫做新太阳的地方，它的地下有一个商店，里面卖很多和北大有关的好玩的东西。有的上面印着北大的标志，有的画着北大的建筑，这些都是纪念品。小朋友们如果喜欢北大，可以在这里找到很多有趣的纪念品，把它们带回家，作为自己来过北大的纪念。
五四操场,116.3071322,39.98642191,45,0,0,0,,1,1,0,0,1,1,0,10,"北京大学的五四操场是校园内的一个重要地标，它不仅是学生们体育锻炼的场所，也是学校举办各种大型活动的地方。五四操场得名于著名的五四运动，这场运动是中国近代史上一次具有深远影响的爱国主义运动，北京大学在其中扮演了重要角色。
五四运动发生在1919年5月4日，是由北京大学的学生发起的一场抗议活动，反对帝国主义的侵略和国内军阀的卖国行为。这场运动后来演变成全国性的抗议活动，对中国现代化进程产生了重要影响。五四精神，即“爱国、进步、民主、科学”，至今仍激励着北大学子及中国青年。
五四操场作为纪念五四运动的重要场所，经常举办各种活动，如长跑、健身盛典等，以弘扬五四精神，鼓励学生锻炼身体，培养健全的人格。例如，北京大学曾在五四操场举办“奔跑吧！青年！”五四青春长跑活动，吸引了5400余名师生参与，以奔跑的方式纪念五四运动，展现青春活力和爱国情怀。
此外，五四操场也是北京大学新生教育的重要场所，如“开学第一跑”活动，旨在强化体育育人，促进学生全面发展。通过这些活动，五四操场成为了传承五四精神、激发学生爱国情感的重要平台。","北京大学的五四操场是校园内的一个重要地标，它不仅是学生们体育锻炼的场所，也是学校举办各种大型活动的地方。五四操场得名于著名的五四运动，这场运动是中国近代史上一次具有深远影响的爱国主义运动，北京大学在其中扮演了重要角色。
五四运动发生在1919年5月4日，是由北京大学的学生发起的一场抗议活动，反对帝国主义的侵略和国内军阀的卖国行为。这场运动后来演变成全国性的抗议活动，对中国现代化进程产生了重要影响。五四精神，即“爱国、进步、民主、科学”，至今仍激励着北大学子及中国青年。
五四操场作为纪念五四运动的重要场所，经常举办各种活动，如长跑、健身盛典等，以弘扬五四精神，鼓励学生锻炼身体，培养健全的人格。例如，北京大学曾在五四操场举办“奔跑吧！青年！”五四青春长跑活动，吸引了5401余名师生参与，以奔跑的方式纪念五四运动，展现青春活力和爱国情怀。
此外，五四操场也是北京大学新生教育的重要场所，如“开学第一跑”活动，旨在强化体育育人，促进学生全面发展。通过这些活动，五四操场成为了传承五四精神、激发学生爱国情感的重要平台。","北京大学的五四操场是校园内的一个重要地标，它不仅是学生们体育锻炼的场所，也是学校举办各种大型活动的地方。五四操场得名于著名的五四运动，这场运动是中国近代史上一次具有深远影响的爱国主义运动，北京大学在其中扮演了重要角色。
五四运动发生在1919年5月4日，是由北京大学的学生发起的一场抗议活动，反对帝国主义的侵略和国内军阀的卖国行为。这场运动后来演变成全国性的抗议活动，对中国现代化进程产生了重要影响。五四精神，即“爱国、进步、民主、科学”，至今仍激励着北大学子及中国青年。
五四操场作为纪念五四运动的重要场所，经常举办各种活动，如长跑、健身盛典等，以弘扬五四精神，鼓励学生锻炼身体，培养健全的人格。例如，北京大学曾在五四操场举办“奔跑吧！青年！”五四青春长跑活动，吸引了5402余名师生参与，以奔跑的方式纪念五四运动，展现青春活力和爱国情怀。
此外，五四操场也是北京大学新生教育的重要场所，如“开学第一跑”活动，旨在强化体育育人，促进学生全面发展。通过这些活动，五四操场成为了传承五四精神、激发学生爱国情感的重要平台。"
飞鹰社岩壁,116.3053272,39.99440217,59,0,0,0,,0,1,0,0,0,1,0,3,京大学的飞鹰社，全称为北京大学山鹰社，是一个以登山、攀岩为主要活动的学生社团。成立于1989年4月1日，是全国首家以登山、攀岩为主要活动的学生社团。山鹰社以“存鹰之心于高远，取鹰之志而凌云，习鹰之性以涉险，融鹰之神在山巅”为社训，开展包括登山、科考、野外、攀岩等各种形式的活动。北京大学山鹰社拥有自己的人工岩壁和抱石墙，位于未名湖畔，为社员提供了良好的攀岩训练设施。人工岩壁攀爬纪律严格，包括顶绳攀爬、抱石与平移、定线与拧点等，都有详细的规定和安全措施。例如，攀爬南壁时必须有垫子做保护，并且下面观看人员应离开可能的摆动轨迹区域。北壁攀爬时，路线不能偏离竖直方向过多，以防脱落时碰抱石墙。此外，还有专门的保护人员和挂绳操作规范，确保攀岩活动的安全性。,京大学的飞鹰社，全称为北京大学山鹰社，是一个以登山、攀岩为主要活动的学生社团。成立于1989年4月2日，是全国首家以登山、攀岩为主要活动的学生社团。山鹰社以“存鹰之心于高远，取鹰之志而凌云，习鹰之性以涉险，融鹰之神在山巅”为社训，开展包括登山、科考、野外、攀岩等各种形式的活动。北京大学山鹰社拥有自己的人工岩壁和抱石墙，位于未名湖畔，为社员提供了良好的攀岩训练设施。人工岩壁攀爬纪律严格，包括顶绳攀爬、抱石与平移、定线与拧点等，都有详细的规定和安全措施。例如，攀爬南壁时必须有垫子做保护，并且下面观看人员应离开可能的摆动轨迹区域。北壁攀爬时，路线不能偏离竖直方向过多，以防脱落时碰抱石墙。此外，还有专门的保护人员和挂绳操作规范，确保攀岩活动的安全性。,京大学的飞鹰社，全称为北京大学山鹰社，是一个以登山、攀岩为主要活动的学生社团。成立于1989年4月3日，是全国首家以登山、攀岩为主要活动的学生社团。山鹰社以“存鹰之心于高远，取鹰之志而凌云，习鹰之性以涉险，融鹰之神在山巅”为社训，开展包括登山、科考、野外、攀岩等各种形式的活动。北京大学山鹰社拥有自己的人工岩壁和抱石墙，位于未名湖畔，为社员提供了良好的攀岩训练设施。人工岩壁攀爬纪律严格，包括顶绳攀爬、抱石与平移、定线与拧点等，都有详细的规定和安全措施。例如，攀爬南壁时必须有垫子做保护，并且下面观看人员应离开可能的摆动轨迹区域。北壁攀爬时，路线不能偏离竖直方向过多，以防脱落时碰抱石墙。此外，还有专门的保护人员和挂绳操作规范，确保攀岩活动的安全性。
象棋盘,116.3052291,39.99755834,149,0,0,0,,0,0,0,0,0,0,1,10,北京大学家属区处有三具石质象棋盘，可作歇息的好地方,北京大学家属区处有三具石质象棋盘，可作歇息的好地方,北京大学家属区处有三具石质象棋盘，可作歇息的好地方
一体,116.3053193,39.99370973,48,0,0,0,,1,1,0,0,1,0,0,5,"北京大学第一体育馆，作为这所百年学府的体育文化象征，承载着北京大学深厚的历史底蕴和体育精神。自20世纪初随着北京大学的成立而逐步发展，它见证了中国现代体育教育的起步与进步，成为校园内不可或缺的一部分。体育馆的建筑风格巧妙地融合了传统元素与现代设计，既展现了北京大学的文化底蕴，又体现了时代的发展与创新。

在体育教学与训练方面，第一体育馆是北京大学体育课程的核心场所，为学生提供了篮球、排球、羽毛球、乒乓球等多种体育课程，培养了一代又一代的体育人才。同时，它也是校队训练的重要基地，为学生运动员提供了专业的训练设施，促进了体育技能的提升。

在竞赛与活动方面，第一体育馆不仅是校际体育比赛的举办地，更是毕业典礼、学术讲座和文化演出等大型活动的举办场所，这些活动不仅丰富了校园文化生活，也加强了校园内外的文化交流与合作。","北京大学第一体育馆，作为这所百年学府的体育文化象征，承载着北京大学深厚的历史底蕴和体育精神。自21世纪初随着北京大学的成立而逐步发展，它见证了中国现代体育教育的起步与进步，成为校园内不可或缺的一部分。体育馆的建筑风格巧妙地融合了传统元素与现代设计，既展现了北京大学的文化底蕴，又体现了时代的发展与创新。

在体育教学与训练方面，第一体育馆是北京大学体育课程的核心场所，为学生提供了篮球、排球、羽毛球、乒乓球等多种体育课程，培养了一代又一代的体育人才。同时，它也是校队训练的重要基地，为学生运动员提供了专业的训练设施，促进了体育技能的提升。

在竞赛与活动方面，第一体育馆不仅是校际体育比赛的举办地，更是毕业典礼、学术讲座和文化演出等大型活动的举办场所，这些活动不仅丰富了校园文化生活，也加强了校园内外的文化交流与合作。","北京大学第一体育馆，作为这所百年学府的体育文化象征，承载着北京大学深厚的历史底蕴和体育精神。自22世纪初随着北京大学的成立而逐步发展，它见证了中国现代体育教育的起步与进步，成为校园内不可或缺的一部分。体育馆的建筑风格巧妙地融合了传统元素与现代设计，既展现了北京大学的文化底蕴，又体现了时代的发展与创新。

在体育教学与训练方面，第一体育馆是北京大学体育课程的核心场所，为学生提供了篮球、排球、羽毛球、乒乓球等多种体育课程，培养了一代又一代的体育人才。同时，它也是校队训练的重要基地，为学生运动员提供了专业的训练设施，促进了体育技能的提升。

在竞赛与活动方面，第一体育馆不仅是校际体育比赛的举办地，更是毕业典礼、学术讲座和文化演出等大型活动的举办场所，这些活动不仅丰富了校园文化生活，也加强了校园内外的文化交流与合作。"
北京城乡生态梯度研究平台,116.3009553,39.99228636,403,0,0,0,,1,0,0,0,0,0,0,3,北京城乡生态梯度研究平台是一个专注于城市与区域生态研究的科研平台，它依托于北京大学城市与环境学院，由赵淑清团队负责。该平台致力于研究城市化对植被生长的影响，并提出了评估城市化对植被生长影响的理论框架体系。研究团队通过应用这一框架体系，对中国的32个大型城市进行了研究，发现大约85%的城市植被显示出城市环境对其生长有促进作用，这种间接促进作用可以抵消约40%的城市化对植被替代的直接负面影响。这些研究成果不仅在学术上具有重要意义，也为城市规划和生态环境管理提供了科学依据。,在北京的心脏，有一座连接着城市与自然的桥梁——北京城乡生态梯度研究平台。它不仅是科研的殿堂，更是探索人与自然和谐共处之道的圣地。在这里，学者们以城市为画卷，以生态为笔触，描绘出一幅幅生动的城市生态图景。他们的研究，如同一盏盏明灯，照亮了城市发展的绿色之路，引领着我们走向更加可持续的未来,在北大的校园里，有一个很酷的研究小组，他们叫做“北京城乡生态梯度研究平台”。这个小组的叔叔阿姨们研究城市里的花花草草和小动物，看看它们在城市里生活得怎么样。他们发现，大多数的城市植物都很喜欢城市的环境，而且还能帮我们让城市变得更漂亮、空气更新鲜。这个小组就像城市的小小守护者，保护着我们的绿色家园
图书馆,116.3050668,39.9905838,310,0,0,0,,1,1,0,0,1,1,0.5,15,北京大学图书馆，位于中国北京，是亚洲顶尖的高校图书馆之一。其历史悠久，可追溯至1902年的京师大学堂藏书楼。馆内藏书丰富，拥有超过800万册纸质文献和大量数字资源，尤其以150万册珍贵中文古籍著称。图书馆不仅为师生提供学术支持，其独特的建筑风格和丰富的历史藏书也使其成为文化游览的亮点。游客在此可感受到浓厚的学术氛围和中国高等教育的深厚底蕴。,在北京大学的校园里，有一座知识的殿堂——图书馆。它不仅是藏书的宝库，更是学术的灯塔，照亮着求知者的道路。图书馆内，书架林立，书卷飘香，每一本书都蕴含着无尽的智慧与故事。在这里，你可以穿越时空，与古今中外的智者对话，可以遨游书海，探索未知的世界。图书馆，是北大的灵魂，是学子心中的圣地。,在北大的校园里，有一个很大很大的房子，里面装满了各种各样的书，这个房子叫做图书馆。图书馆就像一个魔法城堡，里面有很多房间，每个房间都有很多书架，书架上摆满了书。这些书可以告诉我们很多故事，也可以教我们很多知识。小朋友们可以在这里找到自己喜欢的书，也可以在这里听故事，学习新的东西。图书馆是一个神奇的地方，等着小朋友们去探索和发现。
方楼,116.3062053,39.99229238,299,0,0,0,,1,0,0,0,0,0,0,3,方楼建于20世纪40年代，作为燕京大学时期的重要公共建筑，是当时中国式园林与西方风格建筑的融合，被划分到未名湖周边景区，定级为具有历史保护价值的建筑。方楼建筑面积588.05㎡，由承重砖砌体外墙和五层的内框架结构支撑，木屋架歇山屋顶，外墙饰面为清水砖墙，周边为自然的空旷绿地,在北京大学的校园中，有一座名为方楼的建筑，它以独特的建筑风格和深厚的文化底蕴，成为校园中的一处亮点。方楼的设计巧妙地将传统与现代相结合，展现了一种历史的厚重感与时代的进步感。在这里，学术的气息与文化的氛围交织在一起，使得每一位踏入方楼的人都能感受到一种独特的精神熏陶。,在北大的校园里，有一座叫做方楼的房子，它的形状方方的，就像一个大盒子。这座房子很特别，因为它是用很多砖头和石头建成的，看起来很古老，但是里面有很多现代化的东西，比如电脑和网络。方楼是大学生们学习和讨论问题的地方，他们在这里读书、做实验，还会举行一些有趣的活动。方楼就像一个知识的宝库，等着小朋友们去探索和发现。
光华新楼,116.3073787,39.99452889,299,0,0,0,,1,0,0,0,1,0,1,5,北京大学光华新楼是一座现代化的教学与科研建筑。它坐落于北大校园内，外观宏伟大气，充满设计感。新楼配备了先进的教学设施，包括多媒体教室、学术报告厅等。这里汇聚了国内外顶尖的学者和优秀的学生，是知识碰撞与思想交流的重要场所。无论是学术研讨还是文化活动，光华新楼都为北大师生提供了卓越的空间，彰显着北大光华管理学院的深厚底蕴和创新活力。,光华新楼，是北京大学光华管理学院的一座现代化建筑，它以独特的设计和先进的设施，成为了学院的骄傲。在这里，知识的火花不断迸发，思想的交流从未停歇。新楼不仅是学习的场所，更是梦想起航的地方，它见证了无数学子的成长与成功。,在北大的校园里，有一座叫做光华新楼的大楼，它很高，也很新，是大学生们学习的地方。这座大楼里面有很多教室和图书馆，还有可以喝咖啡、聊天的地方。大学生们在这里学习很多知识，也在这里交朋友，分享自己的想法。这座大楼就像是一个知识的宝库，等着大家去探索和发现
喷泉,116.301613,39.98757647,21,0,0,0,,0,0,0,0,0,1,1,3,该喷泉工程利用海绵城市理念，采用地面渗透、雨水花园、雨水收集罐等措施，对雨水进行收集、处理，通过绿化灌溉及涌泉形式进行循环利用,该喷泉工程利用海绵城市理念，采用地面渗透、雨水花园、雨水收集罐等措施，对雨水进行收集、处理，通过绿化灌溉及涌泉形式进行循环利用,该喷泉工程利用海绵城市理念，采用地面渗透、雨水花园、雨水收集罐等措施，对雨水进行收集、处理，通过绿化灌溉及涌泉形式进行循环利用
光华老楼,116.3064225,39.98917067,213,4,0,0,,1,0,0,0,1,1,1,5,北京大学光华管理学院的老楼是学院的重要教学和研究设施，它位于北京大学校园内，为学生和教师提供了一个学习和研究的环境。光华老楼内设有教室、咖啡厅、讨论区、计算机机房、图书馆、简餐餐厅等设施，能够满足学生全天学习的需求。此外，光华管理学院还拥有新楼，新楼在2008年正式投入使用，提供了更加现代化的教学和研究条件。光华老楼是北京大学光华管理学院的重要组成部分，它见证了学院的发展和学生的成长，是学院精神和学术传统的重要载体。,光华老楼作为北京大学光华管理学院的重要教学和研究设施，承载着学院深厚的学术传统和教育使命。它不仅是学生和教师日常学习和研究的场所，也是学院历史和文化的象征。光华老楼的建筑风格和内部设施，反映了学院对学术严谨性和创新精神的追求，也是学院精神和学术传统的重要载体。,在北大的校园里，有一座叫做光华老楼的大楼，这是光华管理学院的老师们和大学生们学习的地方。这座楼里有很多教室和办公室，大家都在这里忙碌着，学习新知识，做研究。光华老楼里面有很多现代化的设备，可以帮助大学生们更好地学习。小朋友们以后长大了，也可以来这里学习，成为一个有知识的人。
智华楼（老电教楼）,116.3064334,39.98859116,239,5,0,0,,1,0,0,0,1,1,1,5,"北京大学智华楼原名为电化教学楼，建成于20世纪80年代中期，是当时北京大学条件最好的教学楼之一。2018年，学校决定将电教楼维修后划拨给数学科学学院使用，并由香港林高演先生捐款6千万元用于维修改造，大楼也因此更名为智华楼，意为智慧华人。改造后的智华楼在保持原有色调的基础上，增加了很多独有的艺术设计，使其焕发出新的活力。智华楼由南楼、北楼和连接两楼的西楼组成，建筑面积10,720平方米，具有多种功能，包括教师办公室、行政办公室、学院图书馆、学术报告厅、多功能厅、展厅、教室、学生学习讨论空间等。智华楼的改造工程在2022年4月18日开工，并于2023年6月13日通过工程验收。改造工程要求在保持电教楼外立面、建筑面积不变的情况下，进行局部调整加固、提高抗震和防火等级、更换全部门窗等方面改造，使其符合最新建筑规范和使用需求。改造后的智华楼已于2023年6月19日正式交付数学科学学院使用。智华楼不仅是北京大学数学科学学院的教学科研基地，也成为了北京大学营造学术氛围、展示学科成就、传承与发扬北大精神的重要载体之一。",智华楼，曾名电化教学楼，见证了北京大学教育技术的发展与变迁。这座楼宇在20世纪80年代中期建成，承载着当时最前沿的教育技术与理念。经过改造升级，智华楼焕发新颜，成为数学科学学院的教学科研基地。它的名字寓意着智慧与华人的结合，象征着华人对教育与学术的贡献。智华楼不仅是知识的殿堂，也是文化传承与创新的所在，体现了北京大学追求卓越的精神。,在北大校园里，有一座叫做智华楼的大楼，它以前叫做电教楼，是老师们用电脑和电视教课的地方。现在，这座楼被改造得非常漂亮，是学数学的哥哥姐姐们学习的地方。智华楼的名字很有意义，它告诉我们，华人很聪明，也很努力。这座大楼就像一个魔法学校，帮助学生们学习很多有趣的数学知识。
李兆基人文学院,116.3056269,39.99493585,124,0,0,0,,1,1,0,0,1,0,1,5,"北京大学李兆基人文学苑是北京大学燕园主校区内的一个建筑群，由香港商人李兆基捐资1亿元人民币建设，因此被命名为“李兆基人文学苑”。该学苑于2009年6月27日奠基，2011年10月27日竣工。学苑主要供北京大学中文系、历史系、哲学系使用，具有教学、科研、办公、会议和图书阅览等多种功能。总用地面积为24,657平方米，是亚洲最大的人文学科建筑群之一。李兆基人文学苑的建筑采用明清式风格，院落布局稳重而庭院空间自由舒展，与周边环境和谐相融，体现了中国学者的亲和稳重之风以及北大人文学科的精神气质。学苑的设计巧妙地利用了空间，屋顶相错，庭院相借，曲径通幽，庭院内水系环绕，成为校园内一处美丽的建筑景观。此外，北京大学人文社会科学学院（简称“人文学院”）是北京大学在深圳的文科基地，提供科研、教学、跨学科和对外交流合作的开放平台。学院目前包括社会学、传播学两个专业，其中社会学专业在深圳加强实地研究工作，并与深圳、香港以及国际学术界广泛合作。传播学（财经新闻）专业则是新闻传播与财经学科交叉，培养具有高水平专业技能的财经记者、编辑及具备相关领域专业知识的国际传播人才。",李兆基人文学院是北京大学燕园主校区内的一座建筑群，它的建立得益于香港商人李兆基的慷慨捐资。学院的建筑群以其明清式风格，融合了传统与现代元素，为中文系、历史系、哲学系等人文学科提供了优质的教学与研究环境。李兆基人文学院不仅是学术研究的重镇，也是文化交流的平台，它的建立体现了对人文学科的重视与支持，促进了人文精神的传承与发展。,在北大的校园里，有一组很特别的建筑，叫做李兆基人文学院。这些建筑看起来就像是古代的宫殿，非常漂亮。这里是学中文、历史和哲学的哥哥姐姐们学习的地方。李兆基人文学院的名字来自于一个很善良的商人，他捐了很多钱来建造这些美丽的建筑。在这里，大学生们可以学习到很多关于中国传统文化的知识，也可以和来自不同国家的朋友们交流。
陈守仁国际研究中心（落成碑）,116.3045982,39.9920744,255,0,0,0,,1,1,0,0,0,0,0,3,"北京大学陈守仁国际研究中心的落成纪念碑位于该中心建筑群内，该中心由三栋仿古建筑组成，分别是亨利楼、章桂堂和伟利楼，这些建筑通过室外连廊相连，位于未名湖的南岸，博雅塔以西的低地之内。建筑群采用了灰色砖墙和中国传统的红色花窗，展现出古朴典雅的风格。陈守仁国际研究中心的前身可以追溯到1929年燕京大学建成的生物东馆，后经过改造，由香港联泰国际集团主席陈守仁先生捐资重建，并在2007年完工，正式更名为北京大学守仁国际中心。该中心不仅是多个学术机构的办公场所，也是举办重要国际学术会议的地点。陈守仁先生的慷慨捐资，使得该中心得以建立并成为北京大学国际学术交流的重要平台。
陈守仁国际研究中心是北京大学的一个重要学术研究平台，由美籍华人企业家陈守仁先生捐资支持建设。该中心位于未名湖南侧，于2008年6月7日落成，旨在促进北京大学的国际研究与对外交流，助力北大创建世界一流大学。陈守仁先生多年来在教育、文化、医疗等公益事业中做出了卓越贡献，并与北京大学建立了深厚的友谊。陈守仁国际研究中心的建立，不仅改善了北京大学国际研究的办公条件，也激励了北大教师不断探求，产生出更多有意义的学术成果。",陈守仁国际研究中心的落成碑，是北京大学校园内一处具有特殊意义的纪念物。这块碑不仅标志着研究中心的成立，更是对陈守仁先生慷慨捐资的感谢与纪念。研究中心的建立，为北大的国际学术交流提供了重要平台，促进了学术研究的深入与拓展。落成碑静静地矗立在研究中心前，见证着北大与世界的交流与合作，承载着对未来学术发展的期许与憧憬。,在北大的校园里，有一个叫做陈守仁国际研究中心的地方，它的前面有一块落成碑。这个研究中心是很多年前一个叫做陈守仁的叔叔出钱建的，他希望北大的学生和老师能在这里学习和研究，和世界各地的人交流。这块落成碑就是为了感谢陈守仁叔叔而立的。小朋友们可以来这里看看这块碑，感受一下它的意义和故事。
南极石,116.3047307,39.99177313,213,0,0,0,,0,1,0,1,0,1,0,5,"北京大学校园内存在一块具有特殊意义的南极石。这块石头来自南极伊丽莎白公主地拉斯曼丘陵的中国南极科考站中山站附近，2005年3月24日由“雪龙号”科考船运至上海，后被安放在北大校园中。这块南极石不仅是一个自然地质标本，也象征着北大与极地科学研究的联系，以及北大校友对母校的深情厚谊。
在北大数学科学学院举办的第二十五届数学文化节开幕式上，张占海院友——曾担任中国第2次北极考察队领队兼首席科学家、中国第21次南极考察队领队兼首席科学家——分享了他“走进南极”的故事，并提到了这块南极石。张占海院友将采集的南极石作为数院1980级献给母校的礼物，这块名为“思源”的纪念物寓意着“即使在最遥远的地方，北大学子也心系母校”。
此外，北大校园内还有一块南极石被放置在第一教学楼北侧路边，它的存在不仅增添了校园的文化内涵，也激励着北大学生探索科学、追求知识的精神。",北京大学校园内的南极石，不仅是一块来自地球最南端的自然标本，更是北大与极地科学研究之间联系的象征。这块石头见证了中国南极科考的历程，承载着北大校友对母校的深情厚谊。它的存在，不仅为校园增添了一份独特的文化内涵，也激励着北大学生探索未知、勇攀科学高峰的精神。,在北大的校园里，有一块很特别的石头，叫做南极石。这块石头是从很远很远的南极来的，那里是世界上最冷的地方。科学家们去南极探险，然后带回来这块石头，放在了北大。这块石头告诉我们，不管多么遥远的地方，都有我们勇敢的探险家和科学家的足迹。小朋友们可以来这里看看这块石头，听听它背后的故事，也许将来你们也能成为伟大的探险家呢。
法学院獬豸雕像,116.3071567,39.99340945,106,0,0,0,,0,0,0,0,0,0,1,3,北京大学法学院的獬豸雕像是一个具有深厚文化内涵的艺术品。獬豸，中国古代神话中的神兽，通常被描述为具有独角，能够辨别是非曲直，是司法“正大光明、清平公正、光明天下”的象征。它的形象在历史上被用作法律的象征，甚至在古代“法”字的结构中也有所体现，古体的“法”字写作“灋”，其中的“廌”即为獬豸，表示公正不阿之意。獬豸雕像的设立，旨在激励法学院师生追求法律精神，维护社会正义,在北京大学法学院，有一尊獬豸雕像静静守护着法律的尊严。獬豸，这传说中的神兽，以其明辨是非、公正无私的形象，成为法律与正义的象征。雕像以古朴的石质雕成，獬豸独角高耸，目光如炬，仿佛在审视世间一切，守护着法律的公正与清明。它不仅是法学院的标志，更是每一位法律人心中的信仰与追求,在北大的法学院里，有一座很特别的雕像，它叫做獬豸。獬豸是一只很神奇的动物，它有一只角，能够分辨出谁是好人，谁是坏人。这只动物在很久很久以前的故事里，会帮助人们做出正确的判断。所以，法学院的叔叔阿姨们把它的雕像放在这里，提醒自己要像獬豸一样，做一个公正的人，帮助别人解决问题。
光华舞女雕像,116.3071379,39.99361394,67,0,0,0,,0,0,0,0,0,0,1,3,光华舞女雕像是北京大学光华管理学院的象征性艺术作品。该雕像以舞动的姿态呈现，象征着管理学院的活力与创新精神。作为光华管理学院文化的一部分，雕像不仅美化了校园环境，也激励着师生追求卓越，勇于探索新知。光华舞女雕像以其独特的艺术魅力，成为学院文化传承与发展的重要标志,在光华管理学院新楼外围，有一尊光华舞女雕像，她以优雅的姿态舞动着，仿佛在诉说着知识与智慧的和谐韵律。雕像的线条流畅而富有动感，如同管理学院学子们的思维活跃、创新不断。在这里，每一次目光的停留，都是对学术探索和文化传承的一次深刻致敬。,在北大的光华管理学院，有一个跳舞的女孩雕像。她站在那里，好像随时都会跳起舞来。她的裙子飘起来，就像真的在跳舞一样。这个跳舞的女孩雕像告诉所有的学生，学习可以像跳舞一样有趣，我们要像她一样，快乐地学习，开心地成长。
北大百年纪念雕塑,116.3030951,39.99349079,32,0,0,0,,0,1,0,0,0,0,0,5,"未名湖的锦鲤鱼跃出水，湖心岛的清风和畅吹拂，百年校庆纪念雕像就在这动静之间矗立。百年校庆雕塑的标志是由北京大学余璐老师在1998年北大百年校庆之际精心设计，其后，朗讯科技公司贝尔实验室将百年校庆标志做成了雕塑赠给北大，化平面为立体，成为在燕园中永远留存的“百年印迹”。
细读雕塑，可以划分成“北大”二字和阿拉伯数字100两个视觉元素，工匠运用“坚不可摧”的钢结构和柔润流畅的线条将这两部分巧妙融合。远看雕塑，似化作一群振翅腾飞的和平鸽；变换角度，又似随风飘扬的旗帜、燃烧跳动的火焰。前者象征纯洁，凝结着北大百年纯粹严谨的治学风骨；后者象征活力，汇聚着北大百年求真进取的辉煌历史。","未名湖的锦鲤鱼跃出水，湖心岛的清风和畅吹拂，百年校庆纪念雕像就在这动静之间矗立。百年校庆雕塑的标志是由北京大学余璐老师在1998年北大百年校庆之际精心设计，其后，朗讯科技公司贝尔实验室将百年校庆标志做成了雕塑赠给北大，化平面为立体，成为在燕园中永远留存的“百年印迹”。
细读雕塑，可以划分成“北大”二字和阿拉伯数字101两个视觉元素，工匠运用“坚不可摧”的钢结构和柔润流畅的线条将这两部分巧妙融合。远看雕塑，似化作一群振翅腾飞的和平鸽；变换角度，又似随风飘扬的旗帜、燃烧跳动的火焰。前者象征纯洁，凝结着北大百年纯粹严谨的治学风骨；后者象征活力，汇聚着北大百年求真进取的辉煌历史。",在北大的湖心岛上，有一座很特别的雕塑，是为了庆祝北大一百岁生日而制作的。这座雕塑看起来像是很多小鸟在飞，还有火焰和飘扬的旗帜，看起来非常壮观。它告诉我们，北大的学生们都很有活力，他们努力学习，追求自己的梦想。这座雕塑就像是在给所有的学生加油，希望他们都能成为很厉害的人。
北京大学星雕塑,116.3031178,39.99332431,55,0,0,0,,0,1,0,0,0,0,0,5,"顾名思义，北京大学星正是一颗彼时最新发现的小行星，经国际天文联合会小天体命名委员会批准，命名为“北京大学星”，这颗小行星也作为一份“特别的礼物”由北大校友陈建生献给母校。这是历史上第一颗以中国高校命名的小行星，有着极其特殊的含义，由广发证券捐资建造，作为百年校庆的另一座雕塑献礼嵌落在湖心岛上。
北京大学星雕塑，蕴含着的是北大百年来积淀下的两组关键词：科学——这颗星是无数北大“科研人”的证明勋章；希望——这颗星也是北大学子们在各行业各领域答母校之恩、报爱国之志的“启明灯”。","顾名思义，北京大学星正是一颗彼时最新发现的小行星，经国际天文联合会小天体命名委员会批准，命名为“北京大学星”，这颗小行星也作为一份“特别的礼物”由北大校友陈建生献给母校。这是历史上第一颗以中国高校命名的小行星，有着极其特殊的含义，由广发证券捐资建造，作为百年校庆的另一座雕塑献礼嵌落在湖心岛上。
北京大学星雕塑，蕴含着的是北大百年来积淀下的两组关键词：科学——这颗星是无数北大“科研人”的证明勋章；希望——这颗星也是北大学子们在各行业各领域答母校之恩、报爱国之志的“启明灯”。","顾名思义，北京大学星正是一颗彼时最新发现的小行星，经国际天文联合会小天体命名委员会批准，命名为“北京大学星”，这颗小行星也作为一份“特别的礼物”由北大校友陈建生献给母校。这是历史上第一颗以中国高校命名的小行星，有着极其特殊的含义，由广发证券捐资建造，作为百年校庆的另一座雕塑献礼嵌落在湖心岛上。
北京大学星雕塑，蕴含着的是北大百年来积淀下的两组关键词：科学——这颗星是无数北大“科研人”的证明勋章；希望——这颗星也是北大学子们在各行业各领域答母校之恩、报爱国之志的“启明灯”。"
赛克勒雕塑园-智圣雕塑,116.2992365,39.99453111,63,0,0,0,,0,1,0,0,0,0,0,3,"北京大学赛克勒雕塑园内的智圣雕塑是一尊代表东方朔的雕像。东方朔是西汉时期的辞赋家，以其诙谐的性格和敏捷的言词著称。他在武帝时期曾自荐为官，并担任过常侍郎、太中大夫等职务。东方朔以其滑稽多智和直言切谏而闻名，常在武帝前谈笑取乐，同时观察颜色，适时提出谏言。
北京大学赛克勒考古与艺术博物馆位于风景秀丽的北京大学西校区，1986年破土奠基，1993年5月27日正式开馆。博物馆的藏品丰富，包括石器、铜器、甲骨、陶器、瓷器、书画、碑帖等几大类，基本陈列分为旧石器时代、新石器时代、夏商周时期、战国时期、秦汉时期、三国两晋、南北朝、隋唐时期、宋辽金元明时期七个部分。博物馆的建立与美国友人阿瑟·赛克勒博士的合作密不可分，他是一位著名的艺术品收藏家，对中国艺术品有着深厚的兴趣和热爱。
博物馆不仅是一个展示考古学和艺术的场所，也是教学和科研的重要基地。它通过各种展览和教育活动，为学生和公众提供了学习和了解中国传统文化的机会。同时，博物馆的建设和发展也得到了多方面的支持和帮助，包括国内外的捐赠和合作。赛克勒博物馆的建立和运营，体现了对文化遗产的尊重和传承，以及对教育和科研的重视。它不仅是北京大学的宝贵财富，也是中国乃至全世界文化遗产保护和研究的重要基地。",赛克勒雕塑园内的智圣雕塑，是对东方朔这一历史人物的艺术再现。东方朔以其智慧与诙谐著称，是西汉时期的文学家与思想家。在北京大学校园内，智圣雕塑不仅是一座艺术品，更是一种文化传承，它激励着学子们追求知识、崇尚智慧，同时也为校园增添了一份历史的厚重感,在北大的赛克勒雕塑园里，有一座很特别的雕塑，叫做智圣雕塑。这个雕塑是纪念一个叫做东方朔的古代智者。他非常聪明，也很会讲故事，总是能让皇帝和其他人开心。这个雕塑就是按照他的样子做的，看起来很有智慧。小朋友们可以来这里看看这个雕塑，学习东方朔的智慧和勇气。
樱树林,116.3082406,39.99374957,128,0,0,0,,0,0,0,1,0,0,1,3,北京大学校园内有着丰富的植被和生物多样性，其中就包括了美丽的樱树林。在春日里，北京大学校园中的樱花树盛开时，会形成一片片浪漫的樱树林，吸引众多师生和游客前来观赏。这些自然景观与校园内的历史建筑相映成趣，为师生提供了一个宜人的学习环境，也为游客带来了赏心悦目的体验。,在北京大学的校园里，有一片美丽的樱树林。春天来临时，这里的樱花如云似霞，轻轻摇曳，洒下一场粉色的花雨。这些樱花树不仅为校园带来了生机与色彩，也成为了春天的使者，传递着温暖与希望。每当人们漫步于这片花海之中，总能感到一种心灵的宁静与愉悦。,在北大的校园里，有一片特别漂亮的樱树林。春天到了，这些树就会开满粉红色的小花，像很多很多的小蝴蝶停在树上。这些花叫做樱花，它们很漂亮，也很香。很多小朋友和大朋友都会来这里看花，拍照。樱花开了，就说明春天来了，天气会变暖和，大家可以穿上漂亮的衣服，去外面玩耍了
洛阳牡丹,116.2988471,39.99449787,179,0,0,0,,0,0,0,1,0,0,1,5,北京大学校园内种植有来自洛阳的牡丹，这些牡丹不仅为校园增添了美景，也成为了洛阳与北京大学之间文化交流的象征。洛阳牡丹以其悠久的栽培历史和丰富的品种而闻名，被誉为“洛阳牡丹甲天下”。洛阳牡丹的种植始于隋朝，到了唐代和宋代，牡丹的栽培技艺得到了极大的发展，形成了众多的品种和色系。洛阳牡丹的花色丰富，包括红、白、粉、黄、紫、蓝、绿、黑及复色等9大色系，品种多达960个。北京大学内的牡丹主要分布在静园英烈碑周边、二教东侧绿地内、图书馆东侧台阶花坛以及西门北侧鸣鹤园绿地内。这些牡丹不仅美化了校园环境，也成为了师生和游客赏花的好去处。洛阳牡丹的引入和栽培，得到了洛阳市政府和洛阳市林业局的支持，他们不仅赠送了牡丹，还提供了栽植方案和技术培训。,洛阳牡丹，作为中国传统文化的象征之一，其在北京大学校园内的种植，不仅为校园增添了一抹绚丽的色彩，更是洛阳与北京大学之间文化交流的纽带。牡丹以其雍容华贵、富丽堂皇的形象，被誉为“花中之王”，在校园内的绽放，象征着文化的繁荣与学术的辉煌。,在北大的校园里，有一些从洛阳来的牡丹花。洛阳是中国的一个城市，那里的牡丹花非常有名，有很多种颜色，非常漂亮。这些牡丹花在北大的校园里也开得很好，春天的时候，它们就会开出很大的花朵，吸引了很多人来看。小朋友们也可以来这里看看这些美丽的牡丹花，感受一下春天的气息。
